model,year,mileage_km,engine_size_l,fuel_type,transmission,body_condition,color,previous_owners,price_million_toman
Dena,2011,267400.0,1.7,petrol,manual,intact,white,2,369.1
Shahin,2019,111300.0,1.5,petrol,manual,major_paint,white,1,551.5
Hyundai Accent,2010,305200.0,1.6,petrol,manual,intact, grey ,2,901.2
Samand,2017,170200.0,1.8,petrol,manual,minor_paint,blue,2,260.2
Shahin,2005,407200.0,1.5,petrol,manual,major_paint,silver,1,205.9
Tiba,2010,317800.0,1.5,petrol,automatic,minor_paint,red,5,115.3
Peugeot Pars,2010,251200.0,1.8,petrol,automatic,,silver,4,223.6
Toyota Corolla,2012,248600.0,1.8,petrol,manual,minor_paint, silver ,2,1295.6
Hyundai Accent,2007,365600.0,1.6,petrol,manual,minor_paint,black,2,659.9
Dena,2011,303200.0,1.7,petrol,manual,major_paint,black,2,264.5
Tiba,2010,296300.0,1.5,petrol,MANUAL,major_paint,black,5,76.4
Peugeot Pars,2018,187700.0,1.8,petrol,manual,minor_paint,silver,2,402.1
Hyundai Accent,2010,302500.0,1.6,petrol,automatic,minor_paint,white,4,926.9
Dena,2019,83800.0,1.7,petrol_lpg,manual,intact,white,2,571.4
Tiba,2005,380200.0,1.5,petrol_lpg,manual,intact,grey,1,80.7
Toyota Corolla,2024,85600.0,1.8,petrol,manual,minor_paint,red,2,2383.8
Pride,2009,341000.0,1.3,petrol,MANUAL,major_paint,red,2,63.2
Shahin,2011,,1.5,petrol_lpg,manual,intact,black,3,364.1
Quik,2022,105100.0,1.5,petrol,automatic,major_paint,white,1,356.3
Toyota Corolla,2026,19500.0,1.8,petrol,manual,major_paint,silver,3,2380.8
Rana,2016,223000.0,1.6,petrol_lpg,manual,intact,white,3,352.1
Peugeot 206,2016,153400.0,1.4,petrol_lpg,manual,minor_paint,white,4,317.8
Toyota Corolla,2005,383800.0,1.8,petrol,manual,intact,silver,3,980.2
Pride,2014,245400.0,1.3,petrol,manual,intact,blue,4,114.8
Quik,2016,220700.0,1.5,petrol,manual,intact,black,3,221.0
Kia Cerato,2025,37900.0,2.0,petrol,automatic,minor_paint,silver,3,2651.9
Kia Cerato,2025,,2.0,petrol,automatic,minor_paint,blue,4,2177.1
Rana,2012,281200.0,1.6,petrol,manual,accident_repaired,black,4,166.7
Samand,2016,181600.0,1.8,petrol,manual,minor_paint,red,2,240.8
Rana,2024,41700.0,1.6,petrol_lpg,manual,intact,white,3,669.8
Pride,2011,275200.0,1.3,petrol,automatic,major_paint,white,4,89.4
Hyundai Accent,2008,306500.0,1.6,petrol,automatic,intact,black,1,966.9
Peugeot 206,2026,0.0,1.4,petrol,automatic,minor_paint, white ,3,774.3
Dena,2020,134700.0,1.7,petrol_lpg,manual,minor_paint,silver,3,562.0
Tiba,2013,196200.0,1.5,petrol,automatic,intact,white,2,187.8
Quik,2012,261700.0,1.5,petrol,MANUAL,accident_repaired,silver,2,119.7
Toyota Corolla,2009,291600.0,1.8,petrol,manual,intact,black,4,1431.8
Rana,2013,240600.0,1.6,petrol,manual,minor_paint,white,4,271.1
Samand,2012,244300.0,1.8,petrol,automatic,accident_repaired,silver,3,174.6
Toyota Corolla,2007,322600.0,1.8,petrol,manual,accident_repaired,black,3,740.8
Quik,2005,388000.0,1.5,petrol,manual,minor_paint,white,2,100.6
Toyota Corolla,2025,21600.0,1.8,petrol_lpg,manual,intact,black,1,2816.4
Shahin,2022,37100.0,1.5,petrol,manual,major_paint,white,3,700.9
Samand,2013,237000.0,1.8,petrol,manual,minor_paint,white,1,247.2
Quik,2016,162200.0,1.5,petrol,MANUAL,intact,white,5,248.7
Kia Cerato,2012,246000.0,2.0,petrol,manual,intact,grey,2,1115.4
Shahin,2020,76200.0,1.5,petrol,manual,intact,grey,1,794.6
Hyundai Accent,2018,189400.0,1.6,petrol,manual,minor_paint,black,2,1224.3
Dena,2009,294500.0,1.7,petrol,MANUAL,intact,grey,1,295.9
Toyota Corolla,2014,255700.0,1.8,petrol,manual,accident_repaired,white,3,977.0
Quik,2013,274200.0,1.5,petrol,automatic,intact,grey,5,184.2
Quik,2009,308300000.0,1.5,petrol,manual,accident_repaired,black,2,97.6
Peugeot Pars,2017,158200.0,1.8,petrol,manual,intact,red,3,373.9
Tiba,2010,268300.0,1.5,petrol,MANUAL,major_paint,silver,3,101.2
Toyota Corolla,2016,175300.0,1.8,petrol_lpg,MANUAL,intact,silver,1,1551.0
Hyundai Accent,2005,355300.0,1.6,petrol,manual,intact,white,1,747.4
Peugeot Pars,2019,171600.0,1.8,petrol,automatic,minor_paint,white,3,458.5
Rana,2008,325700.0,1.6,petrol_lpg,manual,minor_paint,blue,3,172.4
Dena,2005,382100.0,1.7,petrol_lpg,manual,intact,white,2,249.0
Rana,2012,266300.0,1.6,petrol,manual,intact,blue,1,264.5
Samand,2026,26000.0,1.8,petrol_lpg,manual,intact,blue,3,560.6
Toyota Corolla,2011,315200.0,1.8,petrol,manual,minor_paint, blue ,3,1046.2
Peugeot 206,2022,107200.0,1.4,petrol,manual,minor_paint,white,3,472.2
Dena,2017,208200.0,1.7,petrol,automatic,intact,red,4,551.3
Peugeot Pars,2025,45300.0,1.8,petrol,MANUAL,intact,silver,5,611.0
Samand,2019,161100.0,1.8,petrol,manual,intact,white,5,391.2
Dena,2015,160100.0,1.7,petrol_lpg,automatic,minor_paint,black,2,453.9
Hyundai Accent,2014,186500.0,1.6,petrol,manual,major_paint,black,2,972.0
Samand,2025,6800.0,1.8,petrol_lpg,automatic,intact,red,1,635.7
Kia Cerato,2006,370500.0,2.0,petrol,manual,intact,silver,5,718.5
Samand,2009,281800.0,1.8,petrol,MANUAL,intact,white,1,210.7
Pride,2013,258100.0,1.3,petrol_lpg,manual,minor_paint, white ,2,106.4
Pride,2013,256800.0,1.3,petrol,manual,intact,red,1,118.3
Tiba,2023,61800.0,1.5,petrol,manual,,white,4,361.2
Shahin,2021,95300.0,1.5,petrol,manual,minor_paint,blue,3,740.2
Rana,2020,109100.0,1.6,petrol,manual,minor_paint,white,4,455.2
Quik,2011,322300.0,1.5,petrol,manual,major_paint,silver,1,133.7
Rana,2017,145100.0,1.6,petrol,manual,major_paint, silver ,4,298.0
Kia Cerato,2025,0.0,2.0,petrol,manual,minor_paint,blue,1,2216.0
Peugeot Pars,2016,170000.0,1.8,petrol_lpg,MANUAL,major_paint,silver,2,323.0
Peugeot Pars,2018,186500.0,1.8,petrol,manual,minor_paint,white,4,351.6
Peugeot Pars,2013,277500.0,1.8,petrol,manual,minor_paint,grey,4,252.6
Samand,2011,271800.0,1.8,petrol,MANUAL,accident_repaired,white,3,128.8
Toyota Corolla,2008,332800.0,1.8,petrol,MANUAL,major_paint,red,3,758.7
Hyundai Accent,2012,231400.0,1.6,petrol,automatic,intact,white,1,1222.5
Pride,2017,191900.0,1.3,petrol,automatic,minor_paint, white ,3,169.5
Tiba,2025,10700.0,1.5,petrol_lpg,manual,minor_paint,silver,1,339.3
Samand,2017,192300.0,1.8,petrol,manual,intact,white,3,319.0
Toyota Corolla,2025,36600.0,1.8,petrol,manual,major_paint,grey,2,2507.3
Pride,2019,,1.3,petrol,manual,,silver,4,154.0
Peugeot Pars,2005,364400.0,1.8,petrol,manual,,white,3,140.2
Pride,2026,19200.0,1.3,petrol,automatic,,white,5,307.9
Quik,2005,354500.0,1.5,petrol,manual,major_paint,blue,2,95.7
Peugeot 206,2011,275400.0,1.4,petrol_lpg,manual,accident_repaired,white,3,151.9
Kia Cerato,2005,398000.0,2.0,petrol,manual,intact,white,2,726.6
Samand,2018,160900.0,1.8,petrol_lpg,automatic,minor_paint,grey,5,332.9
Dena,2025,11600.0,1.7,petrol,manual,intact,blue,5,807.8
Samand,2013,250400.0,1.8,petrol_lpg,manual,intact,white,3,201.7
Peugeot 206,2022,24500.0,1.4,petrol_lpg,manual,intact,white,1,580.3
Tiba,2021,97300.0,1.5,petrol_lpg,automatic,major_paint,white,3,236.5
Peugeot 206,2024,45700.0,1.4,petrol,manual,minor_paint,black,2,530.5
Kia Cerato,2022,68000.0,2.0,petrol,manual,minor_paint,blue,4,1922.8
Peugeot Pars,2014,235000.0,1.8,petrol,manual,intact,white,1,348.1
Samand,2011,252200.0,1.8,petrol_lpg,manual,intact,white,1,204.7
Hyundai Accent,2007,365600.0,1.6,petrol,manual,minor_paint,black,2,659.9
Toyota Corolla,2018,124600.0,1.8,petrol,automatic,intact,white,3,2311.8
Samand,2018,131600.0,1.8,petrol,manual,accident_repaired, white ,2,279.6
Toyota Corolla,2007,356000.0,1.8,petrol,automatic,intact,silver,3,1091.6
Dena,2022,63500.0,1.7,petrol,manual,accident_repaired,red,1,462.4
Tiba,2021,91700.0,1.5,petrol,manual,minor_paint,blue,3,267.4
Samand,2019,116300.0,1.8,petrol,manual,intact,white,1,361.9
Shahin,2011,245200.0,1.5,petrol,manual,major_paint, grey ,1,303.0
Rana,2011,247500.0,1.6,petrol,manual,minor_paint, silver ,4,246.9
Samand,2012,263300.0,1.8,petrol,manual,major_paint,silver,4,155.3
Pride,2009,,1.3,petrol_lpg,manual,major_paint,white,3,61.9
Toyota Corolla,2022,85700.0,1.8,petrol,manual,,white,2,2105.2
Dena,2014,222800.0,1.7,petrol,manual,intact,red,5,410.4
Peugeot 206,2005,427500.0,1.4,petrol,manual,minor_paint,silver,5,129.5
Peugeot Pars,2026,0.0,1.8,petrol,manual,intact,red,5,631.2
Quik,2006,354000.0,1.5,petrol,automatic,major_paint,grey,4,102.4
Quik,2009,303100.0,1.5,petrol_lpg,manual,intact,grey,2,141.0
Peugeot 206,2015,172600.0,1.4,petrol_lpg,manual,major_paint, white ,4,257.4
Samand,2019,110600.0,1.8,petrol,automatic,minor_paint,red,2,328.5
Kia Cerato,2005,412300.0,2.0,petrol,manual,minor_paint,white,2,794.9
Pride,2019,146500.0,1.3,petrol,manual,major_paint,blue,4,146.9
Shahin,2014,203900.0,1.5,petrol,manual,minor_paint,silver,2,424.4
Kia Cerato,2008,374500.0,2.0,petrol,MANUAL,major_paint,white,5,699.3
Peugeot 206,2013,222900.0,1.4,petrol,automatic,minor_paint,white,2,276.8
Tiba,2008,365000000.0,1.5,petrol,automatic,major_paint, blue ,5,76.7
Pride,2025,9700.0,1.3,petrol,automatic,major_paint,red,4,235.6
Peugeot 206,2013,247200.0,1.4,petrol,manual,minor_paint,blue,3,219.5
Peugeot Pars,2016,161200.0,1.8,petrol_lpg,automatic,minor_paint,silver,2,382.1
Hyundai Accent,2020,123700.0,1.6,petrol,manual,major_paint,black,3,1144.2
Quik,2021,61300.0,1.5,petrol_lpg,manual,intact,blue,5,290.1
Kia Cerato,2014,239900.0,2.0,petrol,manual,intact,black,4,1244.2
Dena,2020,75500.0,1.7,petrol,manual,intact,black,3,612.9
Quik,2006,356100.0,1.5,petrol,manual,intact,red,5,101.6
Samand,2021,55200.0,1.8,petrol_lpg,automatic,,black,4,449.1
Pride,2018,184300.0,1.3,petrol,manual,major_paint,blue,4,127.6
Dena,2023,57800.0,1.7,petrol,manual,minor_paint,silver,4,688.3
Pride,2006,378500.0,1.3,petrol_lpg,manual,intact,white,1,60.0
Shahin,2008,320600.0,1.5,petrol,manual,major_paint,blue,2,240.0
Peugeot Pars,2006,396000.0,1.8,petrol,manual,intact,white,2,177.1
Rana,2024,36200.0,1.6,petrol,automatic,intact,black,2,756.5
Dena,2022,32400.0,1.7,petrol,automatic,minor_paint,black,4,735.7
Tiba,2011,261500.0,1.5,petrol,MANUAL,intact,silver,2,130.2
Tiba,2010,295900.0,1.5,petrol,automatic,intact,blue,5,111.3
Quik,2021,116200.0,1.5,petrol,manual,intact,silver,1,382.8
Tiba,2014,268700.0,1.5,petrol_lpg,manual,minor_paint,white,1,145.1
Quik,2022,124900.0,1.5,petrol,manual,intact,silver,2,365.9
Toyota Corolla,2023,78100.0,1.8,petrol_lpg,automatic,minor_paint, silver ,5,1940.8
Peugeot Pars,2007,325200.0,1.8,petrol,automatic,minor_paint,silver,5,191.3
Dena,2020,71800.0,1.7,petrol_lpg,manual,accident_repaired,blue,2,359.9
Toyota Corolla,2011,317200.0,1.8,petrol,manual,major_paint,silver,4,862.8
Rana,2006,383100.0,1.6,petrol_lpg,manual,major_paint,grey,5,117.1
Dena,2020,101800.0,1.7,petrol,manual,intact,white,5,687.1
Shahin,2019,142800.0,1.5,petrol_lpg,manual,intact,grey,5,485.1
Dena,2009,295600.0,1.7,petrol,automatic,minor_paint, silver ,3,288.9
Tiba,2012,285200.0,1.5,petrol,manual,major_paint,silver,4,112.8
Rana,2023,86600.0,1.6,petrol,manual,major_paint,blue,5,426.8
Quik,2012,300400.0,1.5,petrol_lpg,manual,intact,grey,4,154.9
Rana,2012,214300.0,1.6,petrol,manual,accident_repaired,red,2,148.6
Peugeot 206,2005,383200.0,1.4,petrol_lpg,manual,minor_paint,white,3,131.5
Peugeot 206,2007,330300.0,1.4,petrol,manual,minor_paint,white,3,181.1
Samand,2019,109900.0,1.8,petrol,AUTOMATIC,intact, white ,3,419.9
Pride,2012,286300.0,1.3,petrol,manual,accident_repaired,black,3,71.0
Kia Cerato,2010,256400.0,2.0,petrol,manual,intact,black,2,1082.6
Hyundai Accent,2008,374000.0,1.6,petrol_lpg,manual,intact,white,1,716.8
Kia Cerato,2012,267400.0,2.0,petrol,automatic,minor_paint,white,3,1093.2
Samand,2006,345900.0,1.8,petrol,manual,intact,grey,3,150.5
Peugeot 206,2025,1300.0,1.4,petrol,manual,minor_paint,silver,5,565.5
Samand,2006,352400.0,1.8,petrol_lpg,MANUAL,minor_paint,silver,5,118.0
Dena,2019,,1.7,petrol_lpg,manual,minor_paint,silver,3,496.7
Toyota Corolla,2018,149400.0,1.8,petrol,manual,minor_paint, silver ,3,1790.3
Dena,2008,351700.0,1.7,petrol_lpg,manual,minor_paint,white,4,229.5
Tiba,2012,275400.0,1.5,petrol,automatic,intact,red,5,131.7
Pride,2021,130100.0,1.3,petrol,manual,minor_paint,white,3,204.7
Samand,2022,44700.0,1.8,petrol_lpg,manual,major_paint,silver,4,362.0
Samand,2007,400100.0,1.8,petrol,automatic,minor_paint,silver,2,154.3
Quik,2021,176800.0,1.5,petrol,automatic,accident_repaired,grey,5,188.0
Rana,2020,,1.6,petrol_lpg,manual,,silver,4,540.1
Kia Cerato,2021,86000.0,2.0,petrol_lpg,manual,minor_paint,white,2,2077.8
Peugeot Pars,2007,406600.0,1.8,petrol,manual,minor_paint,blue,5,145.2
Quik,2012,308900.0,1.5,petrol,manual,intact,grey,4,150.8
Peugeot Pars,2008,323500.0,1.8,petrol,automatic,intact,white,4,261.6
Tiba,2007,364600.0,1.5,petrol,manual,minor_paint,blue,2,83.3
Pride,2024,47200.0,1.3,petrol,manual,major_paint,white,3,230.5
Quik,2011,317700.0,1.5,petrol,automatic,minor_paint,white,2,164.8
Shahin,2012,238400.0,1.5,petrol_lpg,manual,minor_paint,silver,4,313.2
Peugeot 206,2020,56000.0,1.4,petrol,manual,intact,red,2,419.2
Dena,2007,288300.0,1.7,petrol,manual,minor_paint,silver,4,239.5
Hyundai Accent,2015,231900.0,1.6,petrol,manual,minor_paint,grey,5,915.3
Tiba,2018,170700.0,1.5,petrol,automatic,intact,silver,4,213.7
Toyota Corolla,2009,272000.0,1.8,petrol_lpg,manual,intact,red,1,1190.5
Hyundai Accent,2020,53700.0,1.6,petrol_lpg,manual,minor_paint,blue,2,1490.6
Shahin,2011,258600.0,1.5,petrol,manual,major_paint,blue,2,313.9
Shahin,2019,125300.0,1.5,petrol,manual,,silver,4,557.3
Dena,2015,184300.0,1.7,petrol,manual,intact,white,2,460.2
Kia Cerato,2007,391300000.0,2.0,petrol,manual,minor_paint,black,4,746.2
Quik,2017,161600.0,1.5,petrol,manual,minor_paint,blue,4,224.4
Kia Cerato,2018,135300.0,2.0,petrol_lpg,manual,intact,black,4,1587.7
Tiba,2008,351200.0,1.5,petrol_lpg,manual,minor_paint,white,2,103.5
Pride,2006,,1.3,petrol,manual,intact,silver,5,60.0
Peugeot 206,2018,116300.0,1.4,petrol,manual,intact,silver,1,464.4
Dena,2018,111600.0,1.7,petrol_lpg,manual,accident_repaired,black,3,339.1
Peugeot 206,2009,323600.0,1.4,petrol,manual,intact,silver,1,217.9
Rana,2011,298000.0,1.6,petrol,manual,intact,white,4,260.5
Peugeot Pars,2021,90600.0,1.8,petrol,automatic,major_paint, blue ,2,483.7
Dena,2015,209300.0,1.7,petrol,manual,major_paint,white,2,378.8
Hyundai Accent,2023,102000.0,1.6,petrol,manual,major_paint,black,2,1803.8
Kia Cerato,2023,60100.0,2.0,petrol,MANUAL,minor_paint,silver,5,1917.2
Pride,2018,93400.0,1.3,petrol_lpg,manual,intact,blue,3,162.3
Rana,2022,47500.0,1.6,petrol,manual,minor_paint,blue,3,559.2
Toyota Corolla,2025,,1.8,petrol,automatic,minor_paint,white,3,2959.4
Samand,2018,144500.0,1.8,petrol,manual,intact,white,5,317.3
Peugeot Pars,2005,393100.0,1.8,petrol,automatic,major_paint,white,3,156.2
Shahin,2011,245700.0,1.5,petrol,automatic,major_paint,blue,1,351.9
Hyundai Accent,2022,78600.0,1.6,petrol,automatic,intact,white,2,2263.1
Tiba,2024,57800.0,1.5,petrol,manual,intact,black,3,318.6
Kia Cerato,2023,68900.0,2.0,petrol_lpg,manual,intact,black,3,2097.9
Samand,2011,245700.0,1.8,petrol,manual,intact,grey,2,179.5
Dena,2012,304800.0,1.7,petrol,manual,minor_paint,blue,1,327.3
Hyundai Accent,2017,166700.0,1.6,petrol,manual,intact,black,4,1378.2
Peugeot 206,2007,411100.0,1.4,petrol,MANUAL,accident_repaired,silver,5,108.5
Dena,2017,185300.0,1.7,petrol,manual,minor_paint,red,2,445.2
Peugeot Pars,2005,388300.0,1.8,petrol,manual,intact,black,4,167.9
Toyota Corolla,2012,265500.0,1.8,petrol,automatic,intact,white,5,1658.9
Kia Cerato,2006,378600.0,2.0,petrol,manual,accident_repaired,black,4,441.9
Peugeot 206,2022,90700.0,1.4,petrol,automatic,,white,1,571.6
Rana,2015,170900.0,1.6,petrol,automatic,intact,black,5,362.6
Dena,2014,229900.0,1.7,petrol_lpg,manual,minor_paint,black,5,319.1
Hyundai Accent,2010,,1.6,petrol,manual,minor_paint,white,4,918.7
Toyota Corolla,2020,103300.0,1.8,petrol,manual,minor_paint,white,1,2101.4
Rana,2020,86900.0,1.6,petrol_lpg,manual,accident_repaired,white,5,314.6
Dena,2017,159600.0,1.7,petrol,manual,major_paint,silver,3,398.2
Quik,2014,206700.0,1.5,petrol,manual,intact,silver,5,221.6
Hyundai Accent,2023,33200.0,1.6,petrol,automatic,minor_paint,blue,4,1865.9
Dena,2011,266800.0,1.7,petrol,manual,intact, silver ,1,388.8
Samand,2017,132700.0,1.8,petrol,manual,accident_repaired,red,1,208.8
Toyota Corolla,2012,279500.0,1.8,petrol_lpg,manual,minor_paint,grey,3,1196.4
Rana,2007,271600.0,1.6,petrol,manual,, white ,5,135.7
Rana,2021,,1.6,petrol,manual,minor_paint,silver,4,432.1
Kia Cerato,2016,178300.0,2.0,petrol_lpg,manual,minor_paint,silver,2,1371.9
Rana,2011,278800.0,1.6,petrol,automatic,intact,white,1,286.7
Toyota Corolla,2018,154900.0,1.8,petrol,MANUAL,intact,black,4,1874.3
Kia Cerato,2015,174500.0,2.0,petrol,automatic,accident_repaired,black,5,1073.8
Peugeot Pars,2014,243400.0,1.8,petrol,manual,minor_paint,blue,2,266.0
Peugeot 206,2005,410300.0,1.4,petrol,manual,major_paint,blue,2,126.9
Samand,2005,413500.0,1.8,petrol,manual,major_paint,white,3,94.5
Kia Cerato,2010,322000.0,2.0,petrol,MANUAL,major_paint,blue,5,777.8
Dena,2007,349900.0,1.7,petrol,manual,intact,white,2,254.6
Hyundai Accent,2018,127700.0,1.6,petrol,manual,minor_paint,white,1,1490.1
Samand,2013,250300.0,1.8,petrol,manual,intact,white,3,218.0
Kia Cerato,2011,293900.0,2.0,petrol_lpg,automatic,intact,red,1,1103.0
Shahin,2017,137200.0,1.5,petrol,manual,intact,white,3,596.8
Rana,2011,,1.6,petrol,manual,major_paint,silver,5,206.7
Kia Cerato,2022,90200.0,2.0,petrol,manual,intact,silver,1,1971.6
Shahin,2005,376700.0,1.5,petrol,manual,intact, white ,4,231.1
Rana,2016,191800.0,1.6,petrol_lpg,automatic,major_paint,white,4,326.1
Kia Cerato,2010,312900.0,2.0,petrol,automatic,minor_paint,blue,5,1093.0
Quik,2024,50600.0,1.5,petrol,manual,minor_paint,white,3,443.9
Dena,2024,62100.0,1.7,petrol,manual,minor_paint,white,1,747.7
Pride,2022,58200.0,1.3,petrol,MANUAL,intact,red,3,245.1
Hyundai Accent,2016,215800.0,1.6,petrol,manual,minor_paint,blue,2,1182.6
Hyundai Accent,2019,146200.0,1.6,petrol,manual,minor_paint,white,2,1436.3
Kia Cerato,2008,342300.0,2.0,petrol,manual,intact,blue,3,870.2
Rana,2013,256100.0,1.6,petrol,MANUAL,major_paint,white,2,214.6
Peugeot 206,2025,11700.0,1.4,petrol,manual,major_paint,silver,5,527.3
Peugeot 206,2026,6200.0,1.4,petrol,automatic,intact,white,3,807.3
Peugeot 206,2015,224200.0,1.4,petrol,manual,intact,grey,1,323.1
Peugeot Pars,2025,,1.8,petrol_lpg,manual,minor_paint,silver,2,548.1
Tiba,2024,81900.0,1.5,petrol,manual,intact,black,5,343.8
Tiba,2012,268700.0,1.5,petrol,automatic,accident_repaired,white,1,112.0
Dena,2016,176400.0,1.7,petrol,automatic,intact,red,2,501.6
Rana,2018,167900.0,1.6,petrol,automatic,accident_repaired,silver,5,315.9
Kia Cerato,2024,,2.0,petrol,automatic,intact,silver,5,2581.0
Hyundai Accent,2023,68100.0,1.6,petrol,manual,minor_paint,black,2,1792.5
Peugeot 206,2019,106400.0,1.4,petrol,manual,minor_paint,silver,5,361.6
Samand,2020,108800.0,1.8,petrol,manual,intact,silver,4,363.9
Pride,2024,72500.0,1.3,petrol,MANUAL,accident_repaired,black,4,164.5
Pride,2009,304200.0,1.3,petrol,automatic,major_paint,blue,3,78.8
Tiba,2020,117500.0,1.5,petrol_lpg,manual,major_paint,white,5,194.3
Tiba,2009,338000.0,1.5,petrol,manual,major_paint, white ,3,94.8
Pride,2023,34000.0,1.3,petrol,manual,minor_paint,black,1,238.3
Quik,2015,199800.0,1.5,petrol,automatic,intact, black ,5,232.9
Kia Cerato,2010,308300.0,2.0,petrol,manual,intact,white,2,1047.8
Quik,2015,256800.0,1.5,petrol,automatic,major_paint,grey,1,190.4
Shahin,2026,0.0,1.5,petrol,manual,,grey,5,939.8
Hyundai Accent,2024,7900.0,1.6,petrol,manual,intact,blue,3,1837.4
Tiba,2012,254100.0,1.5,petrol,manual,minor_paint,grey,3,128.6
Tiba,2024,41700.0,1.5,petrol,automatic,minor_paint,silver,1,409.0
Peugeot 206,2005,337100.0,1.4,petrol,automatic,intact,silver,5,177.3
Tiba,2008,305400000.0,1.5,petrol,manual,minor_paint,black,4,104.2
Hyundai Accent,2026,0.0,1.6,petrol,manual,minor_paint,black,1,2646.8
Toyota Corolla,2020,125500.0,1.8,petrol,automatic,minor_paint,white,3,2471.4
Samand,2024,52900.0,1.8,petrol_lpg,manual,major_paint,grey,5,336.0
Peugeot Pars,2024,46500.0,1.8,petrol,manual,intact, white ,4,593.8
Shahin,2024,25100.0,1.5,petrol,manual,intact,red,3,868.6
Samand,2008,369700.0,1.8,petrol_lpg,manual,intact,grey,5,150.3
Peugeot Pars,2011,269200.0,1.8,petrol,manual,major_paint,blue,1,201.8
Kia Cerato,2020,165900.0,2.0,petrol,manual,major_paint,black,1,1540.7
Peugeot 206,2017,172500.0,1.4,petrol,manual,intact,white,1,425.3
Samand,2013,216700.0,1.8,petrol,manual,intact,silver,4,254.5
Hyundai Accent,2014,187400.0,1.6,petrol,manual,minor_paint,blue,4,950.1
Quik,2021,176800.0,1.5,petrol,automatic,accident_repaired,grey,5,188.0
Pride,2012,265800.0,1.3,petrol,manual,major_paint,white,4,84.3
Rana,2016,200500.0,1.6,petrol_lpg,automatic,intact,red,3,360.9
Tiba,2020,112500.0,1.5,petrol,manual,intact,grey,4,226.3
Samand,2009,325200.0,1.8,petrol_lpg,manual,minor_paint,black,2,145.1
Pride,2009,273800.0,1.3,petrol_lpg,manual,major_paint,black,1,83.5
Samand,2026,24900.0,1.8,petrol,manual,intact,white,4,596.6
Quik,2013,218300.0,1.5,petrol,manual,major_paint,grey,1,165.5
Dena,2018,168700.0,1.7,petrol,manual,intact,silver,3,533.9
Tiba,2025,1100.0,1.5,petrol_lpg,manual,major_paint,white,1,325.0
Tiba,2025,16600.0,1.5,petrol,manual,major_paint,grey,2,276.6
Tiba,2013,286500.0,1.5,petrol,manual,minor_paint,grey,2,139.3
Samand,2008,338800.0,1.8,petrol,manual,minor_paint,red,3,147.3
Peugeot Pars,2016,191000.0,1.8,petrol,manual,minor_paint, silver ,5,323.4
Hyundai Accent,2016,209700.0,1.6,petrol,manual,minor_paint,white,5,1194.5
Pride,2015,165600.0,1.3,petrol,manual,accident_repaired,white,3,102.7
Pride,2018,158200.0,1.3,petrol,automatic,minor_paint,grey,3,168.6
Quik,2021,114000.0,1.5,petrol_lpg,automatic,intact,black,4,342.6
Peugeot Pars,2016,208400.0,1.8,petrol,manual,intact,white,2,381.4
Dena,2015,184300.0,1.7,petrol,manual,intact,white,2,460.2
Samand,2005,397300.0,1.8,petrol,manual,intact,black,1,122.2
Tiba,2017,168800.0,1.5,petrol,automatic,intact,black,2,233.3
Dena,2011,285400000.0,1.7,petrol_lpg,automatic,minor_paint,red,5,292.1
Dena,2010,276300.0,1.7,petrol,automatic,major_paint,red,4,279.0
Quik,2025,0.0,1.5,petrol,automatic,minor_paint,silver,1,537.3
Tiba,2010,285100.0,1.5,petrol,manual,accident_repaired,grey,3,75.0
Peugeot Pars,2021,127700.0,1.8,petrol,manual,minor_paint,blue,4,461.0
Toyota Corolla,2022,56000.0,1.8,petrol,automatic,intact,blue,4,2500.1
Tiba,2007,,1.5,petrol,manual,intact,blue,4,85.3
Shahin,2026,23700.0,1.5,petrol,manual,intact,red,5,864.0
Peugeot Pars,2009,320900.0,1.8,petrol,MANUAL,minor_paint,white,5,201.7
Peugeot 206,2017,163000.0,1.4,petrol,manual,major_paint,red,2,281.6
Quik,2007,345800.0,1.5,petrol,automatic,accident_repaired,red,4,93.9
Rana,2020,88000.0,1.6,petrol,automatic,accident_repaired,grey,4,303.2
Hyundai Accent,2022,51900.0,1.6,petrol_lpg,manual,minor_paint,grey,3,1670.0
Samand,2014,216000.0,1.8,petrol,manual,intact,grey,2,253.8
Toyota Corolla,2015,232900.0,1.8,petrol,automatic,major_paint,silver,3,1320.8
Toyota Corolla,2022,12200.0,1.8,petrol,MANUAL,intact,silver,5,2413.8
Quik,2022,46700.0,1.5,petrol,manual,intact,white,2,429.9
Tiba,2014,243600.0,1.5,petrol,manual,accident_repaired,white,4,97.5
Shahin,2013,267000.0,1.5,petrol,manual,major_paint,red,5,291.0
Pride,2013,250700.0,1.3,petrol,manual,major_paint,black,4,85.3
Tiba,2017,178000.0,1.5,petrol_lpg,automatic,intact,blue,1,225.5
Dena,2021,98600.0,1.7,petrol,manual,,white,2,600.7
Shahin,2016,142600.0,1.5,petrol,manual,accident_repaired,grey,4,307.7
Samand,2007,335700.0,1.8,petrol,manual,intact,silver,4,142.3
Dena,2009,321700.0,1.7,petrol,manual,accident_repaired,white,1,203.7
Quik,2023,12400.0,1.5,petrol,automatic,intact,grey,2,447.1
Peugeot Pars,2008,340400.0,1.8,petrol,automatic,minor_paint,black,2,259.3
Peugeot 206,2006,403500.0,1.4,petrol,manual,intact,silver,3,165.8
Pride,2014,219300.0,1.3,petrol,manual,intact,black,1,149.2
Kia Cerato,2006,366500.0,2.0,petrol_lpg,manual,,black,2,661.1
Kia Cerato,2009,285600.0,2.0,petrol,automatic,major_paint,black,4,1007.6
Peugeot 206,2017,176800.0,1.4,petrol_lpg,manual,major_paint,blue,4,276.0
Peugeot Pars,2008,310800.0,1.8,petrol_lpg,automatic,accident_repaired,red,2,145.8
Quik,2011,242200.0,1.5,petrol,manual,,black,4,154.3
Kia Cerato,2015,191300.0,2.0,petrol_lpg,manual,,grey,4,824.5
Tiba,2026,31900.0,1.5,petrol_lpg,manual,major_paint,white,5,292.4
Peugeot Pars,2016,200200.0,1.8,petrol,manual,intact,grey,3,379.3
Kia Cerato,2025,0.0,2.0,petrol,manual,minor_paint,silver,4,2464.7
Dena,2024,23500.0,1.7,petrol_lpg,automatic,intact,red,4,910.4
Pride,2026,1800.0,1.3,petrol,automatic,intact,black,4,342.3
Samand,2011,,1.8,petrol,manual,,silver,2,155.4
Peugeot 206,2024,11000.0,1.4,petrol,manual,intact,white,3,663.4
Toyota Corolla,2020,130100.0,1.8,petrol,automatic,major_paint, red ,4,1693.3
Peugeot 206,2016,160400.0,1.4,petrol,manual,accident_repaired,silver,1,255.3
Dena,2010,305800.0,1.7,petrol_lpg,manual,intact,white,1,332.7
Kia Cerato,2018,183800.0,2.0,petrol,manual,intact,white,2,1521.1
Rana,2012,251400.0,1.6,petrol,automatic,major_paint,white,3,276.4
Kia Cerato,2016,208400.0,2.0,petrol,automatic,intact,blue,3,1550.1
Pride,2005,376400.0,1.3,petrol,manual,minor_paint,white,4,60.0
Quik,2014,220600.0,1.5,petrol,automatic,major_paint,silver,4,191.4
Peugeot Pars,2016,199900.0,1.8,petrol,manual,major_paint,silver,3,272.9
Shahin,2018,157800.0,1.5,petrol,automatic,accident_repaired,white,3,452.1
Dena,2023,39300.0,1.7,petrol,manual,minor_paint,white,2,776.6
Kia Cerato,2026,0.0,2.0,petrol,manual,major_paint,white,1,2263.9
Tiba,2007,368200.0,1.5,petrol,automatic,major_paint,red,1,77.7
Kia Cerato,2011,340300.0,2.0,petrol,automatic,minor_paint,silver,1,1035.1
Hyundai Accent,2005,358400.0,1.6,petrol_lpg,manual,intact,silver,5,616.6
Toyota Corolla,2010,323900.0,1.8,petrol_lpg,MANUAL,accident_repaired,silver,4,738.3
Peugeot 206,2025,,1.4,petrol_lpg,manual,minor_paint,black,5,503.0
Peugeot Pars,2007,390100.0,1.8,petrol_lpg,automatic,intact,grey,1,197.7
Shahin,2005,,1.5,petrol_lpg,AUTOMATIC,,black,3,251.4
Hyundai Accent,2026,4200.0,1.6,petrol_lpg,manual,accident_repaired,silver,5,1310.4
Shahin,2016,185300.0,1.5,petrol,automatic,major_paint,grey,5,503.0
Toyota Corolla,2007,,1.8,petrol_lpg,manual,major_paint, grey ,3,736.1
Toyota Corolla,2019,133800.0,1.8,petrol_lpg,manual,minor_paint,white,1,2114.6
Quik,2020,128300.0,1.5,petrol,manual,major_paint,white,3,297.0
Kia Cerato,2021,110200.0,2.0,petrol,automatic,accident_repaired, grey ,4,1473.8
Peugeot Pars,2020,88400.0,1.8,petrol,manual,minor_paint,black,2,492.1
Kia Cerato,2014,,2.0,petrol,automatic,intact,white,5,1425.4
Pride,2012,234700.0,1.3,petrol_lpg,manual,intact,white,4,105.1
Kia Cerato,2018,199400.0,2.0,petrol,manual,intact, white ,3,1539.1
Quik,2025,21600.0,1.5,petrol_lpg,automatic,intact,white,2,499.3
Dena,2023,53000.0,1.7,petrol_lpg,manual,intact,silver,5,711.4
Quik,2013,177300.0,1.5,petrol,automatic,intact,blue,5,221.8
Peugeot Pars,2006,355900.0,1.8,petrol_lpg,manual,major_paint,silver,2,140.5
Quik,2023,35100.0,1.5,petrol,manual,minor_paint,black,4,392.9
Kia Cerato,2010,309600.0,2.0,petrol,manual,major_paint,red,5,736.4
Peugeot Pars,2017,188800.0,1.8,petrol,manual,accident_repaired,white,4,299.5
Pride,2016,194600.0,1.3,petrol_lpg,manual,intact,white,2,130.9
Tiba,2008,297000.0,1.5,petrol,manual,major_paint,silver,4,75.9
Samand,2014,213800.0,1.8,petrol,MANUAL,accident_repaired,white,1,186.9
Quik,2007,363200.0,1.5,petrol,MANUAL,accident_repaired,red,3,79.3
Rana,2025,14300.0,1.6,petrol_lpg,automatic,intact,white,3,705.0
Quik,2009,311500.0,1.5,petrol,manual,major_paint,red,4,112.8
Shahin,2006,392400.0,1.5,petrol,automatic,minor_paint,grey,1,271.8
Tiba,2018,98400.0,1.5,petrol_lpg,manual,accident_repaired, silver ,4,120.7
Dena,2022,55200.0,1.7,petrol,automatic,minor_paint,silver,3,855.8
Tiba,2013,229100000.0,1.5,petrol,MANUAL,accident_repaired,white,3,103.0
Tiba,2007,327900.0,1.5,petrol,manual,accident_repaired,white,2,69.7
Kia Cerato,2019,130500.0,2.0,petrol,manual,major_paint,silver,1,1403.8
Dena,2024,14400.0,1.7,petrol_lpg,manual,,red,3,608.1
Rana,2019,148000.0,1.6,petrol,manual,intact,blue,3,536.3
Pride,2021,61400.0,1.3,petrol,manual,intact,white,3,236.4
Peugeot 206,2017,132000.0,1.4,petrol,manual,minor_paint,black,2,346.8
Quik,2005,396800.0,1.5,petrol,manual,major_paint,grey,3,83.3
Rana,2020,121100.0,1.6,petrol,manual,intact,black,5,401.1
Dena,2025,76300.0,1.7,petrol,manual,major_paint,black,5,674.3
Shahin,2015,232100.0,1.5,petrol,manual,intact, grey ,3,460.8
Peugeot Pars,2021,,1.8,petrol,manual,major_paint,silver,4,349.1
Kia Cerato,2014,227900.0,2.0,petrol,MANUAL,intact,black,5,1228.4
Peugeot Pars,2022,69600.0,1.8,petrol,manual,major_paint,silver,5,405.9
Kia Cerato,2010,292000.0,2.0,petrol,automatic,major_paint,blue,3,895.2
Shahin,2017,,1.5,petrol,automatic,intact,black,4,618.9
Peugeot 206,2020,109900.0,1.4,petrol,manual,intact,white,2,402.4
Shahin,2019,92200.0,1.5,petrol,automatic,intact,red,3,700.7
Hyundai Accent,2024,0.0,1.6,petrol,MANUAL,major_paint,silver,5,1734.6
Dena,2018,148200.0,1.7,petrol,manual,intact,silver,4,495.0
Tiba,2010,311200.0,1.5,petrol,manual,,silver,2,88.9
Quik,2023,80600.0,1.5,petrol,manual,minor_paint,blue,4,289.7
Toyota Corolla,2010,337200.0,1.8,petrol,automatic,intact,white,1,1553.5
Hyundai Accent,2021,76700.0,1.6,petrol,manual,minor_paint, white ,1,1853.2
Samand,2015,201900.0,1.8,petrol,manual,minor_paint,silver,5,219.7
Pride,2011,332800.0,1.3,petrol,manual,major_paint,silver,5,64.4
Shahin,2011,281600.0,1.5,petrol_lpg,automatic,intact,black,1,418.5
Samand,2008,286200.0,1.8,petrol,manual,minor_paint,white,3,142.2
Peugeot Pars,2019,138700.0,1.8,petrol,manual,intact,black,3,457.4
Peugeot 206,2021,97400.0,1.4,petrol,manual,intact,silver,4,454.7
Rana,2013,240900.0,1.6,petrol,automatic,intact,silver,5,311.8
Rana,2018,186400.0,1.6,petrol,automatic,intact,white,2,505.4
Tiba,2013,228100.0,1.5,petrol,manual,minor_paint,black,2,164.7
Shahin,2012,280000.0,1.5,petrol_lpg,automatic,intact,silver,2,404.3
Toyota Corolla,2014,227700.0,1.8,petrol,manual,intact,grey,4,1509.1
Dena,2014,202800.0,1.7,petrol,manual,major_paint,silver,3,355.0
Dena,2024,23800.0,1.7,petrol,manual,intact,black,1,789.9
Samand,2019,149000.0,1.8,petrol,manual,major_paint, silver ,5,267.7
Rana,2016,219000.0,1.6,petrol,MANUAL,intact,white,3,354.7
Rana,2017,194000.0,1.6,petrol_lpg,manual,major_paint,grey,5,286.8
Shahin,2016,177000.0,1.5,petrol,manual,intact,black,2,594.1
Quik,2007,323300.0,1.5,petrol,manual,minor_paint,black,3,133.2
Toyota Corolla,2007,361600.0,1.8,petrol,automatic,minor_paint,white,5,1035.0
Shahin,2007,329300.0,1.5,petrol,manual,intact,grey,3,268.0
Hyundai Accent,2007,346200.0,1.6,petrol,automatic,accident_repaired,white,4,479.6
Peugeot 206,2010,287400.0,1.4,petrol,manual,intact,grey,3,208.7
Pride,2025,42500.0,1.3,petrol_lpg,manual,intact,grey,1,262.5
Peugeot 206,2025,52500.0,1.4,petrol,manual,intact,white,4,721.8
Shahin,2023,,1.5,petrol,automatic,minor_paint,blue,1,816.4
Dena,2018,133800.0,1.7,petrol,manual,minor_paint,blue,1,551.6
Peugeot Pars,2012,279400.0,1.8,petrol,automatic,minor_paint,grey,4,271.9
Dena,2020,106600.0,1.7,petrol,manual,intact,white,1,732.8
Hyundai Accent,2006,361500.0,1.6,petrol_lpg,MANUAL,intact,grey,5,547.0
Pride,2017,157800.0,1.3,petrol,manual,accident_repaired,silver,4,96.9
Peugeot Pars,2008,305400.0,1.8,petrol,automatic,major_paint,silver,1,202.5
Toyota Corolla,2013,189600.0,1.8,petrol,manual,minor_paint,black,2,1475.0
Peugeot 206,2023,60300.0,1.4,petrol,manual,,blue,5,409.6
Rana,2005,392000.0,1.6,petrol_lpg,manual,intact,black,4,131.2
Shahin,2022,62600.0,1.5,petrol,automatic,minor_paint,black,5,748.2
Tiba,2019,113500.0,1.5,petrol,manual,intact,silver,1,262.8
Samand,2006,345000.0,1.8,petrol,automatic,minor_paint,silver,4,151.7
Quik,2023,40000.0,1.5,petrol_lpg,manual,intact,white,2,398.7
Samand,2007,340700.0,1.8,petrol,automatic,minor_paint,red,1,164.1
Toyota Corolla,2022,62000.0,1.8,petrol,manual,intact,white,3,2075.7
Kia Cerato,2005,372800.0,2.0,petrol,automatic,intact,silver,5,907.4
Pride,2024,31500.0,1.3,petrol_lpg,manual,minor_paint,black,1,244.4
Hyundai Accent,2011,259200.0,1.6,petrol_lpg,manual,minor_paint,black,2,851.4
Rana,2023,60500.0,1.6,petrol,manual,intact,silver,5,597.3
Quik,2015,162000.0,1.5,petrol,AUTOMATIC,minor_paint, white ,2,249.4
Shahin,2022,78300.0,1.5,petrol,manual,intact,white,3,825.6
Tiba,2015,185400.0,1.5,petrol,manual,minor_paint,silver,2,164.1
Peugeot Pars,2013,280700.0,1.8,petrol,automatic,intact,blue,5,298.5
Hyundai Accent,2013,320000.0,1.6,petrol,automatic,minor_paint,white,1,888.9
Tiba,2011,284200.0,1.5,petrol,automatic,minor_paint,white,5,129.4
Kia Cerato,2016,165400.0,2.0,petrol,manual,intact,silver,3,1383.9
Samand,2016,170800.0,1.8,petrol_lpg,manual,accident_repaired,white,2,207.3
Shahin,2026,0.0,1.5,petrol,automatic,intact,black,5,963.4
Pride,2009,317300.0,1.3,petrol_lpg,manual,minor_paint, black ,5,76.0
Tiba,2018,160900.0,1.5,petrol,automatic,minor_paint,white,2,257.3
Samand,2012,230200.0,1.8,petrol,manual,,red,2,218.8
Kia Cerato,2017,164300.0,2.0,petrol_lpg,manual,intact,silver,3,1307.8
Tiba,2012,282000.0,1.5,petrol,manual,major_paint, white ,5,104.2
Peugeot Pars,2006,366800.0,1.8,petrol,manual,accident_repaired,silver,3,120.8
Kia Cerato,2016,190500.0,2.0,petrol,MANUAL,minor_paint,blue,1,1336.0
Tiba,2022,69700.0,1.5,petrol,manual,accident_repaired,red,2,200.4
Samand,2019,155100.0,1.8,petrol_lpg,MANUAL,intact,white,1,342.8
Shahin,2005,412800.0,1.5,petrol_lpg,manual,intact,silver,1,212.0
Samand,2022,43400.0,1.8,petrol,manual,major_paint,silver,1,368.8
Kia Cerato,2007,357000.0,2.0,petrol,manual,intact,white,3,872.6
Tiba,2010,238300.0,1.5,petrol_lpg,manual,minor_paint,white,5,112.4
Quik,2005,402400.0,1.5,petrol,manual,intact,silver,4,92.1
Samand,2012,240800.0,1.8,petrol,manual,intact,blue,5,182.3
Toyota Corolla,2024,,1.8,petrol,manual,minor_paint,black,2,2875.5
Peugeot Pars,2016,156000.0,1.8,petrol_lpg,manual,minor_paint,white,4,329.6
Dena,2023,69600.0,1.7,petrol,manual,intact,grey,2,757.4
Peugeot Pars,2015,214800.0,1.8,petrol_lpg,manual,minor_paint,silver,2,284.8
Pride,2015,,1.3,petrol,MANUAL,intact,grey,5,122.4
Shahin,2022,96400.0,1.5,petrol,manual,minor_paint,blue,3,615.8
Quik,2014,238400.0,1.5,petrol,manual,,black,4,193.2
Shahin,2006,371000.0,1.5,petrol,manual,accident_repaired,white,4,147.3
Peugeot 206,2021,57900.0,1.4,petrol,manual,major_paint,black,1,447.5
Kia Cerato,2018,116500.0,2.0,petrol,automatic,intact,white,2,2037.6
Pride,2012,242200.0,1.3,petrol,manual,minor_paint,black,1,101.8
Pride,2017,146800.0,1.3,petrol,manual,intact,white,3,143.2
Quik,2016,170900.0,1.5,petrol,manual,,blue,4,194.4
Toyota Corolla,2020,95500.0,1.8,petrol,manual,major_paint,grey,4,1704.4
Kia Cerato,2016,213000.0,2.0,petrol,manual,accident_repaired, white ,4,935.0
Tiba,2013,244300.0,1.5,petrol,manual,intact,black,2,161.2
Pride,2023,49800.0,1.3,petrol,manual,minor_paint,blue,1,244.4
Hyundai Accent,2023,41800.0,1.6,petrol,manual,intact, blue ,3,2082.3
Quik,2026,0.0,1.5,petrol,AUTOMATIC,minor_paint,white,2,420.9
Tiba,2019,111000.0,1.5,petrol,automatic,accident_repaired,blue,1,193.1
Dena,2021,113600.0,1.7,petrol_lpg,automatic,minor_paint,grey,4,565.1
Pride,2007,369200.0,1.3,petrol,AUTOMATIC,intact,black,4,70.6
Quik,2017,149200.0,1.5,petrol,manual,intact,grey,3,284.5
Quik,2015,173400.0,1.5,petrol,manual,intact,blue,3,215.8
Dena,2010,251900.0,1.7,petrol,automatic,,silver,4,346.2
Quik,2014,187800.0,1.5,petrol,manual,intact,white,2,220.9
Rana,2014,223900.0,1.6,petrol,manual,intact,red,3,308.1
Quik,2026,5800.0,1.5,petrol,AUTOMATIC,intact,silver,3,571.2
Kia Cerato,2007,335100.0,2.0,petrol_lpg,manual,minor_paint,blue,2,715.3
Dena,2008,338900.0,1.7,petrol,manual,major_paint,silver,4,190.9
Peugeot 206,2012,257800.0,1.4,petrol,manual,minor_paint,silver,4,208.5
Kia Cerato,2010,282300.0,2.0,petrol,manual,major_paint,blue,3,865.4
Kia Cerato,2010,273700.0,2.0,petrol_lpg,manual,major_paint,silver,3,771.3
Toyota Corolla,2005,391100.0,1.8,petrol,manual,intact,white,5,848.6
Tiba,2011,299300.0,1.5,petrol,manual,intact,white,3,141.0
Rana,2016,116400.0,1.6,petrol,manual,intact,silver,1,461.4
Quik,2025,600.0,1.5,petrol,MANUAL,minor_paint,black,5,397.2
Kia Cerato,2020,134200.0,2.0,petrol,manual,minor_paint,black,1,1849.1
Peugeot 206,2009,328800.0,1.4,petrol,manual,intact,black,2,204.4
Kia Cerato,2015,219500.0,2.0,petrol,manual,minor_paint,black,4,1366.3
Rana,2009,286100.0,1.6,petrol,MANUAL,intact,silver,5,194.9
Peugeot 206,2026,0.0,1.4,petrol,manual,minor_paint,silver,5,544.5
Pride,2025,42200.0,1.3,petrol,automatic,intact,blue,2,308.0
Samand,2016,177000.0,1.8,petrol,manual,accident_repaired,white,4,184.9
Quik,2015,198200.0,1.5,petrol,manual,intact,red,2,218.2
Peugeot 206,2025,0.0,1.4,petrol,automatic,minor_paint,silver,3,740.1
Quik,2022,18100.0,1.5,petrol,manual,intact,blue,5,379.6
Peugeot Pars,2023,55900.0,1.8,petrol_lpg,manual,,white,4,481.1
Dena,2023,47700.0,1.7,petrol,automatic,minor_paint,grey,2,735.8
Shahin,2021,69800.0,1.5,petrol,manual,minor_paint,red,1,722.5
Kia Cerato,2025,16100.0,2.0,petrol,manual,minor_paint,red,4,2058.1
Samand,2011,274600.0,1.8,petrol,manual,minor_paint,white,3,206.6
Peugeot Pars,2009,267500.0,1.8,petrol,manual,minor_paint,blue,4,197.8
Peugeot Pars,2011,264500.0,1.8,petrol,manual,intact,red,2,291.7
Toyota Corolla,2022,91700.0,1.8,petrol_lpg,manual,minor_paint,blue,1,2256.6
Rana,2015,201800.0,1.6,petrol_lpg,manual,minor_paint,grey,2,272.3
Peugeot 206,2026,1900.0,1.4,petrol,manual,intact,black,1,692.0
Toyota Corolla,2018,179300.0,1.8,petrol,automatic,intact,blue,3,1963.7
Rana,2005,380600.0,1.6,petrol_lpg,manual,minor_paint,white,3,136.4
Rana,2025,11200.0,1.6,petrol,manual,intact,white,4,670.2
Tiba,2026,0.0,1.5,petrol,manual,intact,red,1,365.2
Samand,2021,117400.0,1.8,petrol,manual,intact,grey,2,435.7
Shahin,2015,199600.0,1.5,petrol,manual,minor_paint,black,1,505.5
Toyota Corolla,2017,152900.0,1.8,petrol,automatic,accident_repaired,white,5,1375.1
Hyundai Accent,2020,117100.0,1.6,petrol,manual,intact,black,1,1653.6
Pride,2011,246500.0,1.3,petrol,MANUAL,intact,grey,3,99.5
Tiba,2016,188300.0,1.5,petrol_lpg,automatic,intact,grey,3,193.6
Hyundai Accent,2006,376300.0,1.6,petrol,manual,minor_paint,black,3,686.9
Samand,2016,186700.0,1.8,petrol,manual,major_paint,grey,5,227.0
Kia Cerato,2025,0.0,2.0,petrol,automatic,intact,white,2,2799.6
Rana,2007,361000.0,1.6,petrol,manual,intact,black,1,176.7
Peugeot 206,2021,115200.0,1.4,petrol,manual,intact,black,4,468.0
Rana,2014,,1.6,petrol,MANUAL,intact,silver,4,307.1
Kia Cerato,2026,19000.0,2.0,petrol,manual,minor_paint,red,5,1934.4
Rana,2024,65000.0,1.6,petrol,MANUAL,minor_paint,white,4,471.6
Shahin,2020,108300.0,1.5,petrol,manual,minor_paint,black,4,594.4
Shahin,2006,,1.5,petrol_lpg,manual,intact,blue,5,227.5
Shahin,2023,45600.0,1.5,petrol_lpg,manual,intact,silver,3,750.0
Shahin,2024,33900.0,1.5,petrol,manual,minor_paint,white,5,842.9
Rana,2007,361400.0,1.6,petrol,manual,intact,silver,5,178.8
Rana,2011,261500.0,1.6,petrol,manual,intact,silver,4,270.1
Samand,2014,192300.0,1.8,petrol,automatic,minor_paint,silver,1,295.3
Tiba,2017,149500.0,1.5,petrol,manual,minor_paint,blue,1,199.4
Kia Cerato,2019,56400.0,2.0,petrol_lpg,AUTOMATIC,minor_paint,white,5,1587.5
Tiba,2023,23400.0,1.5,petrol_lpg,automatic,,silver,3,309.6
Shahin,2021,,1.5,petrol,manual,minor_paint, white ,5,683.4
Quik,2020,125800.0,1.5,petrol,automatic,major_paint,silver,2,293.0
Dena,2022,47300.0,1.7,petrol_lpg,manual,major_paint,silver,1,560.0
Tiba,2009,334000.0,1.5,petrol_lpg,manual,intact, silver ,2,108.0
Tiba,2010,237100.0,1.5,petrol_lpg,MANUAL,minor_paint,black,2,127.6
Peugeot Pars,2011,218600.0,1.8,petrol,manual,intact,silver,3,303.4
Samand,2011,234000.0,1.8,petrol_lpg,manual,intact,grey,3,200.6
Samand,2020,97900.0,1.8,petrol_lpg,manual,minor_paint,silver,5,323.1
Hyundai Accent,2010,277700.0,1.6,petrol,manual,intact,blue,3,922.8
Peugeot Pars,2022,43400.0,1.8,petrol,manual,intact,white,1,594.8
Quik,2010,,1.5,petrol,automatic,major_paint,red,1,142.9
Toyota Corolla,2022,66000.0,1.8,petrol,manual,intact,grey,1,2882.5
Tiba,2018,136600.0,1.5,petrol,manual,intact,grey,2,238.2
Pride,2007,301800.0,1.3,petrol,manual,minor_paint,silver,1,78.2
Dena,2009,,1.7,petrol,manual,intact,black,5,269.6
Rana,2006,357000.0,1.6,petrol_lpg,automatic,accident_repaired,silver,3,127.2
Peugeot Pars,2005,371200.0,1.8,petrol_lpg,manual,accident_repaired,grey,2,120.0
Kia Cerato,2017,147500.0,2.0,petrol,automatic,minor_paint, white ,4,1673.0
Kia Cerato,2023,47800.0,2.0,petrol,manual,major_paint,silver,1,1949.5
Samand,2025,0.0,1.8,petrol,manual,intact,silver,2,672.3
Samand,2011,268200.0,1.8,petrol,manual,intact,silver,1,204.2
Samand,2014,232700.0,1.8,petrol_lpg,manual,accident_repaired,black,1,176.4
Rana,2017,183300000.0,1.6,petrol,manual,intact,silver,4,407.9
Dena,2015,203800.0,1.7,petrol,automatic,minor_paint,white,4,499.4
Rana,2016,196000.0,1.6,petrol,MANUAL,accident_repaired, silver ,1,268.5
Rana,2024,64600.0,1.6,petrol,automatic,intact,silver,1,579.8
Peugeot 206,2007,325400.0,1.4,petrol,manual,major_paint,white,3,133.9
Peugeot 206,2005,347800.0,1.4,petrol,automatic,intact,black,1,202.9
Shahin,2018,186300.0,1.5,petrol,manual,major_paint,silver,1,481.1
Hyundai Accent,2024,2800.0,1.6,petrol,automatic,accident_repaired,black,2,1768.3
Quik,2009,303100.0,1.5,petrol_lpg,manual,intact,grey,2,141.0
Rana,2006,387600.0,1.6,petrol,manual,intact,white,2,187.6
Shahin,2026,0.0,1.5,petrol,manual,intact, silver ,1,948.7
Samand,2016,183500.0,1.8,petrol,automatic,minor_paint,silver,5,286.4
Rana,2023,84400.0,1.6,petrol,manual,major_paint,grey,1,493.0
Shahin,2016,252800.0,1.5,petrol,automatic,accident_repaired,silver,4,354.9
Quik,2013,225500.0,1.5,petrol,manual,intact,silver,2,175.6
Pride,2024,40000.0,1.3,petrol_lpg,manual,minor_paint,black,1,246.2
Kia Cerato,2008,322100.0,2.0,petrol_lpg,manual,intact,white,3,942.3
Dena,2014,195100.0,1.7,petrol,manual,minor_paint,silver,1,448.0
Toyota Corolla,2021,82200.0,1.8,petrol,automatic,intact,white,2,2864.9
Kia Cerato,2006,374400.0,2.0,petrol_lpg,manual,intact,blue,5,743.3
Shahin,2020,107600.0,1.5,petrol,manual,major_paint,white,4,503.8
Peugeot Pars,2012,262800.0,1.8,petrol,AUTOMATIC,minor_paint,silver,3,293.9
Kia Cerato,2024,70900.0,2.0,petrol,automatic,minor_paint,grey,4,2366.9
Tiba,2006,372600.0,1.5,petrol_lpg,automatic,intact,grey,1,99.3
Dena,2026,58000.0,1.7,petrol,manual,major_paint,red,2,695.7
Rana,2008,344600.0,1.6,petrol_lpg,manual,minor_paint,black,3,185.1
Dena,2024,,1.7,petrol_lpg,manual,minor_paint,white,2,694.1
Pride,2005,382100.0,1.3,petrol,automatic,intact,red,3,60.6
Pride,2009,318200.0,1.3,petrol,manual,minor_paint,silver,3,79.1
Samand,2026,35700.0,1.8,petrol,manual,intact,black,2,597.9
Hyundai Accent,2025,37500.0,1.6,petrol_lpg,automatic,major_paint,grey,4,1757.1
Tiba,2018,139900.0,1.5,petrol_lpg,manual,minor_paint,silver,2,219.3
Tiba,2022,36400.0,1.5,petrol_lpg,automatic,minor_paint,black,4,302.6
Dena,2009,285600.0,1.7,petrol,manual,accident_repaired,grey,3,211.2
Samand,2025,7000.0,1.8,petrol,manual,intact,white,1,609.6
Pride,2005,397200.0,1.3,petrol,AUTOMATIC,major_paint,silver,4,60.0
Shahin,2011,264200.0,1.5,petrol,manual,intact,silver,3,374.9
Hyundai Accent,2023,62100.0,1.6,petrol,manual,intact,white,4,1941.7
Dena,2007,358800.0,1.7,petrol,manual,accident_repaired,black,2,188.0
Dena,2018,162600.0,1.7,petrol,manual,major_paint,grey,5,368.9
Toyota Corolla,2014,216400.0,1.8,petrol,automatic,minor_paint,black,5,1456.2
Hyundai Accent,2020,108200.0,1.6,petrol,manual,intact,blue,5,1667.3
Tiba,2013,240800.0,1.5,petrol,manual,,white,3,124.6
Dena,2007,355000.0,1.7,petrol,manual,intact,grey,2,269.1
Samand,2007,335700.0,1.8,petrol,manual,intact,silver,4,142.3
Samand,2026,0.0,1.8,petrol_lpg,manual,major_paint,white,3,399.2
Peugeot Pars,2013,,1.8,petrol,manual,intact,white,4,288.7
Samand,2009,302100.0,1.8,petrol,automatic,,black,2,192.9
Quik,2017,242600.0,1.5,petrol,manual,accident_repaired, white ,5,138.2
Kia Cerato,2022,63000.0,2.0,petrol,automatic,intact,white,5,2376.7
Kia Cerato,2009,317300.0,2.0,petrol_lpg,manual,intact,silver,1,974.7
Quik,2006,406100.0,1.5,petrol,MANUAL,minor_paint,white,4,100.4
Tiba,2023,69900.0,1.5,petrol,manual,minor_paint,silver,1,326.7
Dena,2019,148800.0,1.7,petrol,manual,intact,white,5,529.0
Shahin,2013,252000.0,1.5,petrol_lpg,manual,intact,silver,1,426.3
Shahin,2017,170000.0,1.5,petrol_lpg,manual,intact,white,3,604.7
Dena,2026,0.0,1.7,petrol_lpg,automatic,minor_paint,black,1,977.0
Peugeot 206,2013,249600.0,1.4,petrol,MANUAL,intact,black,5,253.9
Hyundai Accent,2019,87800.0,1.6,petrol,manual,intact,black,4,1646.7
Hyundai Accent,2015,194800.0,1.6,petrol,manual,minor_paint,white,5,1116.5
Kia Cerato,2025,29100.0,2.0,petrol,manual,minor_paint,white,2,2185.9
Pride,2022,106900.0,1.3,petrol,manual,,white,1,210.2
Toyota Corolla,2022,89700.0,1.8,petrol,manual,intact,grey,5,2166.1
Hyundai Accent,2020,,1.6,petrol,manual,intact,red,5,1504.9
Hyundai Accent,2009,320000.0,1.6,petrol,manual,intact,black,2,714.0
Tiba,2010,317800.0,1.5,petrol,automatic,minor_paint,red,5,115.3
Toyota Corolla,2010,296900.0,1.8,petrol,automatic,intact,blue,1,1503.6
Shahin,2010,342900.0,1.5,petrol,AUTOMATIC,minor_paint,blue,4,294.4
Rana,2012,227400.0,1.6,petrol,manual,minor_paint,white,3,241.8
Samand,2022,52800.0,1.8,petrol,manual,minor_paint,silver,2,444.3
Rana,2026,0.0,1.6,petrol,automatic,accident_repaired,black,3,540.9
Pride,2024,56300.0,1.3,petrol,automatic,,white,4,208.9
Dena,2008,292300.0,1.7,petrol_lpg,manual,minor_paint,black,4,196.4
Peugeot Pars,2021,139000.0,1.8,petrol,manual,intact,blue,4,418.2
Hyundai Accent,2005,393100.0,1.6,petrol_lpg,manual,intact,white,3,674.9
Pride,2010,260300.0,1.3,petrol,automatic,major_paint,silver,3,83.1
Kia Cerato,2017,182700.0,2.0,petrol,automatic,intact,red,5,1581.8
Toyota Corolla,2024,56600.0,1.8,petrol,manual,minor_paint,silver,3,2440.8
Hyundai Accent,2007,363000.0,1.6,petrol,manual,intact,blue,4,669.6
Samand,2005,391500.0,1.8,petrol,manual,major_paint,silver,3,94.8
Pride,2017,133800.0,1.3,petrol,manual,minor_paint,white,1,184.4
Peugeot 206,2023,59800.0,1.4,petrol,manual,major_paint,silver,3,453.1
Dena,2024,43000.0,1.7,petrol,automatic,minor_paint,white,3,941.6
Quik,2008,306400.0,1.5,petrol,automatic,minor_paint,white,5,128.9
Peugeot Pars,2020,81000.0,1.8,petrol_lpg,manual,intact,white,4,479.8
Peugeot 206,2009,332300.0,1.4,petrol_lpg,manual,accident_repaired,black,2,129.8
Toyota Corolla,2015,202200.0,1.8,petrol_lpg,automatic,intact,black,2,1633.2
Toyota Corolla,2014,214500.0,1.8,petrol,automatic,intact,black,5,1595.5
Shahin,2006,,1.5,petrol,manual,major_paint,white,4,221.6
Peugeot 206,2014,203600.0,1.4,petrol,automatic,minor_paint,white,1,294.2
Tiba,2006,343600.0,1.5,petrol_lpg,manual,major_paint,red,1,64.5
Dena,2008,306400.0,1.7,petrol,automatic,intact,grey,1,379.9
Rana,2021,91500.0,1.6,petrol,manual,minor_paint,blue,3,455.7
Rana,2006,360000.0,1.6,petrol,automatic,major_paint,silver,4,152.7
Quik,2012,241000.0,1.5,petrol,automatic,intact,grey,5,199.4
Pride,2006,339100.0,1.3,petrol,automatic,intact,grey,3,76.1
Peugeot Pars,2007,,1.8,petrol,automatic,intact,silver,1,206.7
Dena,2012,284300.0,1.7,petrol,manual,intact,grey,5,303.8
Toyota Corolla,2008,310200.0,1.8,petrol,manual,minor_paint,blue,5,1002.9
Kia Cerato,2005,355400.0,2.0,petrol,manual,minor_paint,white,2,803.7
Peugeot 206,2006,340600.0,1.4,petrol,manual,accident_repaired,black,5,100.5
Shahin,2009,318000.0,1.5,petrol,manual,minor_paint,white,1,293.6
Kia Cerato,2020,140200.0,2.0,petrol,MANUAL,intact,blue,3,1764.2
Dena,2005,375200.0,1.7,petrol_lpg,manual,intact,silver,4,235.3
Rana,2009,239300.0,1.6,petrol_lpg,manual,major_paint,grey,3,176.8
Rana,2017,160300.0,1.6,petrol_lpg,automatic,major_paint,grey,4,335.0
Dena,2021,95800.0,1.7,petrol_lpg,MANUAL,minor_paint,white,2,663.1
Pride,2022,,1.3,petrol,manual,intact,white,2,229.2
Shahin,2018,,1.5,petrol_lpg,manual,major_paint,silver,2,468.0
Rana,2023,71000.0,1.6,petrol,manual,,black,1,539.4
Pride,2022,,1.3,petrol_lpg,manual,intact,white,4,240.9
Kia Cerato,2006,411600.0,2.0,petrol,automatic,minor_paint,white,4,830.5
Dena,2020,87100.0,1.7,petrol,manual,minor_paint,silver,4,560.3
Rana,2015,198900.0,1.6,petrol,manual,minor_paint,blue,1,308.9
Peugeot 206,2005,399600.0,1.4,petrol_lpg,manual,intact,black,3,154.3
Quik,2022,68600.0,1.5,petrol,manual,intact,white,1,436.4
Shahin,2020,107100.0,1.5,petrol,automatic,accident_repaired,silver,4,497.8
Pride,2013,254400.0,1.3,petrol_lpg,manual,minor_paint,blue,3,100.8
Peugeot 206,2025,32700000.0,1.4,petrol_lpg,automatic,major_paint,silver,1,608.2
Quik,2009,336700.0,1.5,petrol,MANUAL,intact,white,2,140.8
Samand,2014,193900.0,1.8,petrol_lpg,automatic,minor_paint,silver,2,248.3
Tiba,2017,182800.0,1.5,petrol_lpg,manual,intact,grey,4,188.3
Pride,2007,360400.0,1.3,petrol,manual,minor_paint,silver,5,60.0
Shahin,2019,104900.0,1.5,petrol,manual,minor_paint,white,1,657.3
Hyundai Accent,2014,226100.0,1.6,petrol,manual,,white,4,903.8
Kia Cerato,2016,184800.0,2.0,petrol,manual,minor_paint,blue,3,1314.1
Kia Cerato,2023,33200.0,2.0,petrol_lpg,manual,major_paint,black,3,1656.3
Shahin,2005,389800.0,1.5,petrol,manual,intact,black,4,230.5
Quik,2018,119100.0,1.5,petrol,manual,minor_paint,blue,3,260.5
Pride,2008,328000.0,1.3,petrol_lpg,manual,intact,white,3,82.4
Samand,2016,191200.0,1.8,petrol,automatic,minor_paint,white,5,321.6
Quik,2017,,1.5,petrol_lpg,manual,major_paint,red,4,194.1
Samand,2019,177200.0,1.8,petrol_lpg,manual,accident_repaired,silver,1,219.8
Kia Cerato,2006,345200.0,2.0,petrol,automatic,intact,grey,3,882.3
Dena,2014,220300.0,1.7,petrol,automatic,major_paint,silver,4,345.8
Pride,2014,235600.0,1.3,petrol,manual,intact,white,2,131.5
Peugeot 206,2022,90700.0,1.4,petrol,automatic,,white,1,571.6
Quik,2023,59500.0,1.5,petrol,automatic,minor_paint,grey,1,418.8
Hyundai Accent,2011,272500.0,1.6,petrol,manual,intact,silver,3,998.5
Pride,2023,77800.0,1.3,petrol_lpg,manual,intact,blue,5,205.5
Quik,2019,147500.0,1.5,petrol_lpg,manual,intact,silver,4,257.7
Kia Cerato,2006,364100.0,2.0,petrol,automatic,minor_paint,blue,5,752.3
Quik,2011,274400.0,1.5,petrol,manual,minor_paint,white,3,144.1
Toyota Corolla,2016,127100.0,1.8,petrol,MANUAL,intact,white,5,1726.5
Toyota Corolla,2015,182500.0,1.8,petrol_lpg,MANUAL,minor_paint,white,1,1587.4
Hyundai Accent,2018,198400.0,1.6,petrol,manual,intact,white,1,1437.5
Peugeot Pars,2019,137300.0,1.8,petrol,manual,intact,white,2,448.8
Pride,2020,80400.0,1.3,petrol_lpg,manual,intact,silver,3,198.4
Kia Cerato,2012,233700.0,2.0,petrol,automatic,accident_repaired,black,1,926.0
Kia Cerato,2022,57800.0,2.0,petrol,manual,intact,white,1,2233.0
Quik,2009,308700.0,1.5,petrol,manual,intact,silver,5,125.2
Toyota Corolla,2026,0.0,1.8,petrol,manual,minor_paint,silver,2,2709.6
Shahin,2008,356500.0,1.5,petrol,manual,,black,1,292.4
Tiba,2024,46000.0,1.5,petrol,manual,intact,blue,5,346.7
Tiba,2011,269700.0,1.5,petrol,manual,minor_paint,white,2,133.7
Shahin,2009,268300000.0,1.5,petrol,manual,accident_repaired,white,1,258.3
Rana,2012,278500.0,1.6,petrol,manual,intact,white,5,255.7
Peugeot 206,2016,220400.0,1.4,petrol,manual,minor_paint,white,1,330.3
Pride,2025,62700.0,1.3,petrol,manual,accident_repaired,white,3,198.5
Peugeot Pars,2010,309000.0,1.8,petrol_lpg,AUTOMATIC,minor_paint,grey,3,236.7
Shahin,2008,322400.0,1.5,petrol,automatic,minor_paint,grey,1,299.4
Tiba,2025,23700.0,1.5,petrol_lpg,manual,intact,silver,4,334.8
Rana,2020,154300.0,1.6,petrol_lpg,manual,minor_paint,red,1,384.8
Kia Cerato,2017,191800.0,2.0,petrol_lpg,manual,minor_paint,black,3,1312.9
Toyota Corolla,2017,172500.0,1.8,petrol_lpg,manual,major_paint,blue,2,1489.5
Peugeot 206,2021,64700.0,1.4,petrol,manual,intact,red,3,513.4
Tiba,2016,200300.0,1.5,petrol_lpg,manual,intact,silver,1,198.6
Dena,2006,408400.0,1.7,petrol,automatic,accident_repaired,silver,3,156.7
Shahin,2015,199600.0,1.5,petrol,manual,minor_paint,black,1,505.5
Kia Cerato,2017,197800.0,2.0,petrol,automatic,,grey,1,1086.6
Pride,2010,285800.0,1.3,petrol,automatic,intact,black,1,110.5
Peugeot Pars,2008,365000.0,1.8,petrol_lpg,automatic,minor_paint,silver,3,190.0
Kia Cerato,2015,197100.0,2.0,petrol_lpg,manual,minor_paint,white,5,1153.2
Dena,2005,375700.0,1.7,petrol,manual,intact,silver,3,210.2
Peugeot 206,2007,316900.0,1.4,petrol,manual,minor_paint,red,3,145.7
Hyundai Accent,2024,48900.0,1.6,petrol,automatic,minor_paint,white,4,2281.0
Kia Cerato,2026,0.0,2.0,petrol,manual,major_paint,blue,3,1965.5
Kia Cerato,2006,381900.0,2.0,petrol,manual,intact,black,2,808.9
Kia Cerato,2008,357400.0,2.0,petrol_lpg,manual,intact,white,1,1016.2
Quik,2024,3200.0,1.5,petrol,manual,minor_paint,silver,1,406.9
Pride,2014,200600.0,1.3,petrol,MANUAL,accident_repaired,white,3,76.8
Tiba,2008,320600.0,1.5,petrol,manual,major_paint,silver,1,82.4
Toyota Corolla,2024,14700.0,1.8,petrol,manual,accident_repaired,grey,3,1674.5
Kia Cerato,2007,344500.0,2.0,petrol,manual,intact,silver,2,851.0
Toyota Corolla,2006,384600.0,1.8,petrol,automatic,accident_repaired,white,3,769.1
Rana,2022,75100.0,1.6,petrol_lpg,automatic,intact,white,5,566.9
Dena,2014,233000.0,1.7,petrol,manual,intact,grey,4,407.9
Rana,2007,,1.6,petrol,automatic,minor_paint,white,3,210.4
Rana,2005,357100.0,1.6,petrol,manual,intact,blue,5,147.9
Kia Cerato,2010,314200.0,2.0,petrol,MANUAL,minor_paint,white,4,1010.6
Dena,2015,178900.0,1.7,petrol,manual,minor_paint,silver,1,419.0
Toyota Corolla,2006,310900.0,1.8,petrol,AUTOMATIC,major_paint,black,1,947.0
Shahin,2012,270300.0,1.5,petrol,AUTOMATIC,minor_paint,white,5,409.7
Peugeot Pars,2013,228900.0,1.8,petrol,manual,minor_paint,silver,1,283.8
Dena,2006,375900.0,1.7,petrol,manual,intact,black,5,212.8
Peugeot 206,2007,311700.0,1.4,petrol_lpg,manual,minor_paint,white,3,159.1
Rana,2006,379400.0,1.6,petrol_lpg,automatic,intact, silver ,4,175.4
Hyundai Accent,2010,328500.0,1.6,petrol,automatic,minor_paint,silver,4,811.6
Tiba,2013,180600.0,1.5,petrol,automatic,minor_paint,silver,2,171.1
Shahin,2016,,1.5,petrol,manual,intact,white,3,502.0
Peugeot Pars,2014,228400.0,1.8,petrol_lpg,manual,intact,silver,3,247.1
Tiba,2009,293100.0,1.5,petrol,automatic,intact,silver,1,139.2
Dena,2011,283100.0,1.7,petrol,manual,minor_paint,white,1,337.8
Samand,2016,160600.0,1.8,petrol,manual,accident_repaired,silver,2,200.3
Pride,2012,211400.0,1.3,petrol,automatic,intact,silver,1,135.1
Kia Cerato,2019,122300.0,2.0,petrol,manual,major_paint,red,5,1249.3
Samand,2010,297300.0,1.8,petrol,manual,intact,red,2,183.3
Peugeot 206,2015,224200.0,1.4,petrol,manual,intact,grey,1,323.1
Hyundai Accent,2026,30300.0,1.6,petrol,manual,minor_paint,silver,4,2007.9
Kia Cerato,2009,317700000.0,2.0,petrol,manual,accident_repaired,white,5,586.9
Peugeot Pars,2005,386700.0,1.8,petrol,automatic,intact,silver,1,185.5
Rana,2018,150100.0,1.6,petrol,manual,minor_paint,black,5,374.0
Kia Cerato,2024,42600.0,2.0,petrol,manual,intact,silver,4,1971.6
Tiba,2024,59000.0,1.5,petrol_lpg,AUTOMATIC,accident_repaired,white,4,250.2
Shahin,2021,,1.5,petrol,automatic,intact,grey,4,750.8
Tiba,2008,337500.0,1.5,petrol,manual,intact,silver,4,88.8
Shahin,2016,180200.0,1.5,petrol_lpg,manual,minor_paint, red ,5,453.9
Dena,2008,345600.0,1.7,petrol_lpg,automatic,major_paint,white,1,255.4
Dena,2019,117000.0,1.7,petrol,automatic,intact,silver,2,706.6
Shahin,2006,392400.0,1.5,petrol,automatic,minor_paint,grey,1,271.8
Pride,2020,136500.0,1.3,petrol,automatic,intact,white,5,210.0
Toyota Corolla,2015,232900.0,1.8,petrol,automatic,major_paint,silver,3,1320.8
Peugeot Pars,2013,267200.0,1.8,petrol,manual,intact, blue ,4,290.7
Shahin,2026,9100.0,1.5,petrol,manual,intact,black,4,1073.3
Dena,2006,402100.0,1.7,petrol,manual,intact,white,1,223.1
Tiba,2015,208400.0,1.5,petrol,manual,major_paint,grey,4,123.1
Quik,2015,181100.0,1.5,petrol,manual,intact,black,5,240.6
Shahin,2012,245700.0,1.5,petrol,automatic,accident_repaired,blue,1,312.6
Pride,2019,134700.0,1.3,petrol,automatic,intact,black,2,205.7
Peugeot 206,2012,244500.0,1.4,petrol,manual,intact,white,2,285.2
Shahin,2009,311000.0,1.5,petrol_lpg,manual,major_paint,silver,4,202.5
Hyundai Accent,2011,280100.0,1.6,petrol,manual,minor_paint,silver,1,948.0
Samand,2014,241500.0,1.8,petrol,manual,intact,red,1,236.4
Rana,2024,13400.0,1.6,petrol_lpg,manual,accident_repaired,black,4,365.6
Samand,2005,347600.0,1.8,petrol,manual,minor_paint, grey ,1,127.4
Hyundai Accent,2011,297300.0,1.6,petrol,manual,intact,silver,1,1048.0
Samand,2026,40800.0,1.8,petrol,automatic,major_paint,white,4,560.3
Hyundai Accent,2015,172100.0,1.6,petrol,automatic,major_paint,white,4,1034.6
Quik,2021,103800000.0,1.5,petrol_lpg,manual,intact,blue,2,304.4
Dena,2022,29200.0,1.7,petrol_lpg,manual,minor_paint,white,1,745.4
Hyundai Accent,2009,339100.0,1.6,petrol,manual,minor_paint,red,4,716.5
Shahin,2011,270400.0,1.5,petrol,manual,intact, grey ,4,357.2
Kia Cerato,2006,,2.0,petrol_lpg,manual,intact,silver,4,858.7
Dena,2022,121100.0,1.7,petrol,automatic,intact,grey,2,719.7
Dena,2015,,1.7,petrol,manual,major_paint,blue,3,376.5
Quik,2022,104000.0,1.5,petrol,manual,minor_paint,silver,1,294.3
Dena,2011,260400.0,1.7,petrol,MANUAL,intact,silver,1,366.5
Dena,2011,270900.0,1.7,petrol,manual,intact,white,1,355.4
Peugeot 206,2017,170500.0,1.4,petrol_lpg,manual,intact,silver,5,325.5
Tiba,2010,289200.0,1.5,petrol,manual,accident_repaired,white,2,82.7
Dena,2008,294200.0,1.7,petrol,manual,intact,white,1,347.5
Hyundai Accent,2021,99400.0,1.6,petrol,AUTOMATIC,intact,grey,1,2038.3
Peugeot Pars,2019,167400.0,1.8,petrol,manual,major_paint,silver,1,358.6
Toyota Corolla,2025,0.0,1.8,petrol,manual,intact,black,2,3091.9
Tiba,2020,111600.0,1.5,petrol,automatic,intact,white,1,333.2
Quik,2005,388200.0,1.5,petrol,manual,intact,black,3,112.6
Samand,2006,323900.0,1.8,petrol,manual,intact,silver,5,132.9
Rana,2024,34300.0,1.6,petrol_lpg,automatic,accident_repaired,silver,1,446.1
Toyota Corolla,2023,72500.0,1.8,petrol,manual,intact,black,3,2322.9
Pride,2009,322000.0,1.3,petrol,automatic,intact,black,2,93.9
Rana,2011,268400.0,1.6,petrol,manual,minor_paint,black,3,255.2
Tiba,2020,108000.0,1.5,petrol_lpg,manual,intact,white,2,278.8
Pride,2008,337000.0,1.3,petrol,automatic,major_paint,red,4,65.5
Samand,2016,210300.0,1.8,petrol_lpg,manual,intact,white,2,272.2
Samand,2016,236700.0,1.8,petrol_lpg,automatic,minor_paint,silver,4,248.4
Hyundai Accent,2023,101600.0,1.6,petrol,manual,,silver,1,1899.8
Rana,2006,363900.0,1.6,petrol,manual,intact,grey,1,169.2
Hyundai Accent,2011,279100.0,1.6,petrol_lpg,manual,minor_paint,white,2,938.3
Hyundai Accent,2018,173400.0,1.6,petrol,manual,intact,white,3,1328.1
Tiba,2014,243600.0,1.5,petrol,manual,accident_repaired,white,4,97.5
Peugeot 206,2014,264100.0,1.4,petrol,automatic,major_paint,silver,5,202.9
Samand,2026,0.0,1.8,petrol,manual,minor_paint,silver,4,564.5
Tiba,2023,20400.0,1.5,petrol,manual,intact,white,2,404.5
Quik,2009,339300.0,1.5,petrol,automatic,minor_paint,silver,2,156.3
Samand,2023,44900.0,1.8,petrol,manual,minor_paint,black,2,542.6
Shahin,2007,340700.0,1.5,petrol,automatic,intact,black,1,349.4
Tiba,2024,52400.0,1.5,petrol,manual,major_paint,grey,2,257.6
Pride,2013,287000.0,1.3,petrol,automatic,major_paint,silver,4,93.4
Kia Cerato,2010,276300.0,2.0,petrol,AUTOMATIC,minor_paint,silver,2,1065.5
Peugeot 206,2013,250600.0,1.4,petrol,manual,minor_paint,white,5,244.7
Kia Cerato,2017,182700.0,2.0,petrol,manual,intact,grey,4,1301.2
Peugeot 206,2026,31200.0,1.4,petrol,automatic,minor_paint,silver,4,672.9
Dena,2011,323100.0,1.7,petrol_lpg,manual,intact,white,1,347.9
Dena,2009,323500.0,1.7,petrol,MANUAL,minor_paint,silver,5,253.7
Hyundai Accent,2025,36800.0,1.6,petrol,manual,intact,blue,1,2266.5
Hyundai Accent,2021,72900.0,1.6,petrol_lpg,manual,major_paint,grey,2,1249.0
Toyota Corolla,2005,,1.8,petrol,automatic,minor_paint,silver,2,989.0
Rana,2019,128100.0,1.6,petrol_lpg,manual,intact,silver,2,438.5
Tiba,2006,375300.0,1.5,petrol,manual,,blue,4,71.8
Toyota Corolla,2011,317300.0,1.8,petrol,automatic,intact,black,4,1259.8
Tiba,2026,0.0,1.5,petrol,automatic,intact,silver,1,507.4
Shahin,2015,137400.0,1.5,petrol,manual,intact,silver,2,612.3
Shahin,2011,269400.0,1.5,petrol_lpg,automatic,intact,silver,3,404.5
Hyundai Accent,2026,0.0,1.6,petrol,manual,intact,silver,5,2147.6
Tiba,2011,,1.5,petrol,manual,major_paint,silver,2,114.1
Hyundai Accent,2015,211300.0,1.6,petrol,automatic,intact,white,2,1367.3
Peugeot 206,2019,131000.0,1.4,petrol,automatic,minor_paint,black,4,450.0
Kia Cerato,2012,,2.0,petrol,automatic,intact,silver,3,1257.2
Peugeot Pars,2020,83400.0,1.8,petrol,manual,minor_paint,white,5,425.8
Samand,2011,275600000.0,1.8,petrol,manual,intact,white,4,211.2
Tiba,2011,250500.0,1.5,petrol,automatic,intact,silver,3,159.0
Peugeot Pars,2009,297000.0,1.8,petrol,manual,intact,white,3,256.0
Tiba,2015,202800.0,1.5,petrol,manual,intact,black,5,161.2
Kia Cerato,2024,28800.0,2.0,petrol_lpg,manual,intact,red,1,2175.3
Peugeot Pars,2023,75000.0,1.8,petrol,manual,intact,black,4,593.5
Shahin,2011,,1.5,petrol,manual,intact,silver,5,370.2
Peugeot Pars,2016,218700.0,1.8,petrol,manual,intact,silver,2,369.7
Rana,2022,36900.0,1.6,petrol,manual,minor_paint,blue,3,487.2
Kia Cerato,2009,326900.0,2.0,petrol,automatic,accident_repaired,silver,4,622.3
Tiba,2010,,1.5,petrol,automatic,intact,silver,2,158.8
Quik,2016,183000.0,1.5,petrol,AUTOMATIC,minor_paint,silver,4,228.3
Samand,2013,258800.0,1.8,petrol,manual,major_paint,white,3,191.3
Rana,2012,200200.0,1.6,petrol_lpg,manual,minor_paint,grey,5,229.2
Rana,2023,48700.0,1.6,petrol,automatic,,silver,2,585.7
Rana,2015,214700.0,1.6,petrol_lpg,manual,minor_paint,red,3,255.2
Toyota Corolla,2014,250900.0,1.8,petrol_lpg,MANUAL,intact,blue,5,1343.6
Quik,2019,151500.0,1.5,petrol,manual,major_paint,white,1,279.3
Samand,2012,,1.8,petrol_lpg,manual,major_paint,white,1,182.3
Pride,2021,105000.0,1.3,petrol_lpg,automatic,minor_paint,black,3,226.8
Kia Cerato,2017,171300.0,2.0,petrol,manual,minor_paint,white,4,1579.3
Hyundai Accent,2010,335200.0,1.6,petrol_lpg,manual,intact,grey,4,761.0
Peugeot 206,2018,164600.0,1.4,petrol,manual,intact,white,2,392.2
Shahin,2018,200600.0,1.5,petrol,manual,,white,1,534.4
Kia Cerato,2007,345300.0,2.0,petrol_lpg,automatic,minor_paint,black,3,799.7
Peugeot Pars,2019,105700.0,1.8,petrol,automatic,minor_paint,blue,1,449.3
Hyundai Accent,2006,412300.0,1.6,petrol,manual,major_paint, blue ,5,474.7
Dena,2008,313400.0,1.7,petrol,automatic,intact,silver,4,322.8
Kia Cerato,2015,179700.0,2.0,petrol,manual,minor_paint,red,4,1178.0
Quik,2016,193400.0,1.5,petrol,manual,intact,white,3,220.9
Tiba,2012,254800.0,1.5,petrol,automatic,intact,white,3,177.7
Rana,2020,,1.6,petrol_lpg,automatic,intact,blue,2,526.0
Toyota Corolla,2009,316100.0,1.8,petrol,automatic,intact,white,3,1436.4
Dena,2022,81900.0,1.7,petrol,manual,accident_repaired,red,5,408.2
Dena,2013,234100.0,1.7,petrol_lpg,manual,intact,silver,2,406.8
Shahin,2010,338900.0,1.5,petrol,automatic,minor_paint,red,1,343.1
Shahin,2024,23700.0,1.5,petrol,automatic,intact,white,4,1020.7
Pride,2011,,1.3,petrol_lpg,manual,minor_paint,blue,3,96.0
Pride,2016,216600.0,1.3,petrol,manual,intact,white,1,143.1
Tiba,2024,,1.5,petrol,manual,accident_repaired,red,3,259.6
Rana,2024,,1.6,petrol,automatic,major_paint,red,5,524.3
Peugeot Pars,2013,232500.0,1.8,petrol,manual,minor_paint,black,2,288.2
Hyundai Accent,2009,308100.0,1.6,petrol,manual,intact,silver,5,802.4
Tiba,2006,409400.0,1.5,petrol_lpg,automatic,major_paint,black,5,63.7
Peugeot 206,2023,51200.0,1.4,petrol,manual,intact,blue,1,619.5
Peugeot 206,2024,31900.0,1.4,petrol,manual,minor_paint,silver,1,531.8
Tiba,2010,258100.0,1.5,petrol,manual,minor_paint,white,3,116.5
Rana,2011,264700.0,1.6,petrol,automatic,intact,silver,1,293.3
Peugeot Pars,2021,94300.0,1.8,petrol_lpg,manual,minor_paint,blue,4,402.5
Toyota Corolla,2008,302500.0,1.8,petrol,MANUAL,intact,black,1,1164.9
Toyota Corolla,2018,113400.0,1.8,petrol_lpg,MANUAL,accident_repaired,blue,3,1268.0
Hyundai Accent,2023,45400.0,1.6,petrol,manual,,white,5,2175.2
Tiba,2007,375000.0,1.5,petrol,automatic,,silver,4,94.8
Toyota Corolla,2014,198200.0,1.8,petrol_lpg,manual,accident_repaired,grey,2,1070.4
Shahin,2008,305000.0,1.5,petrol_lpg,manual,,grey,4,280.8
Dena,2021,70900.0,1.7,petrol,manual,major_paint,silver,2,544.1
Tiba,2009,287600.0,1.5,petrol_lpg,manual,minor_paint,black,5,105.2
Toyota Corolla,2008,,1.8,petrol,automatic,minor_paint,silver,2,1106.0
Dena,2024,12500.0,1.7,petrol,manual,intact,red,2,858.4
Tiba,2010,,1.5,petrol,automatic,minor_paint,silver,5,123.9
Hyundai Accent,2005,365800.0,1.6,petrol,automatic,minor_paint,white,2,745.4
Shahin,2021,95300.0,1.5,petrol,manual,minor_paint,blue,3,740.2
Rana,2023,69900.0,1.6,petrol,MANUAL,accident_repaired,white,1,462.4
Dena,2009,285600.0,1.7,petrol,manual,accident_repaired,grey,3,211.2
Samand,2007,332400.0,1.8,petrol,manual,intact,grey,2,170.8
Quik,2009,315200.0,1.5,petrol_lpg,manual,intact,white,2,157.4
Pride,2015,167200.0,1.3,petrol,manual,minor_paint,blue,2,119.6
Hyundai Accent,2011,245900.0,1.6,petrol,manual,intact,white,5,942.6
Toyota Corolla,2016,150800.0,1.8,petrol,automatic,accident_repaired,blue,1,1287.7
Shahin,2026,4100.0,1.5,petrol_lpg,automatic,intact,white,4,1183.5
Kia Cerato,2025,63700.0,2.0,petrol,manual,minor_paint,grey,1,1906.5
Samand,2013,,1.8,petrol_lpg,manual,intact,silver,4,239.1
Dena,2022,63000.0,1.7,petrol,manual,minor_paint,silver,5,650.8
Hyundai Accent,2011,257900.0,1.6,petrol_lpg,automatic,intact,white,1,1069.8
Toyota Corolla,2007,358500.0,1.8,petrol,manual,major_paint,silver,5,861.4
Quik,2023,81000.0,1.5,petrol,automatic,minor_paint,blue,5,362.0
Samand,2013,220200.0,1.8,petrol,AUTOMATIC,major_paint,white,5,202.2
Shahin,2025,13200.0,1.5,petrol,automatic,minor_paint,white,3,943.3
Tiba,2019,82300.0,1.5,petrol,manual,minor_paint,silver,5,203.6
Tiba,2022,60400.0,1.5,petrol,manual,intact,white,1,344.9
Peugeot 206,2012,261300.0,1.4,petrol,manual,accident_repaired,black,4,156.1
Peugeot 206,2011,288700.0,1.4,petrol_lpg,AUTOMATIC,intact,white,2,262.1
Hyundai Accent,2021,80900.0,1.6,petrol,automatic,intact,red,4,1582.6
Tiba,2020,121300.0,1.5,petrol,manual,intact,white,2,264.4
Rana,2018,157500.0,1.6,petrol,manual,minor_paint, white ,3,398.5
Samand,2016,222700.0,1.8,petrol,AUTOMATIC,intact,grey,2,314.9
Tiba,2010,307200.0,1.5,petrol,automatic,,white,2,117.7
Quik,2022,71500.0,1.5,petrol,manual,minor_paint,white,3,354.7
Samand,2010,308600.0,1.8,petrol,automatic,minor_paint,black,2,163.4
Hyundai Accent,2024,83400.0,1.6,petrol,automatic,minor_paint,black,1,2095.4
Kia Cerato,2019,105100.0,2.0,petrol,manual,intact,red,3,1508.4
Tiba,2011,255800.0,1.5,petrol,manual,intact,white,4,136.3
Tiba,2023,45000.0,1.5,petrol_lpg,manual,major_paint, blue ,4,259.1
Dena,2013,,1.7,petrol_lpg,manual,major_paint,silver,4,284.8
Quik,2018,142800.0,1.5,petrol,AUTOMATIC,intact,white,1,371.2
Pride,2010,321300.0,1.3,petrol,manual,intact,blue,2,88.1
Peugeot Pars,2018,156900.0,1.8,petrol,automatic,intact,red,2,465.4
Dena,2008,,1.7,petrol,manual,minor_paint,grey,4,230.8
Dena,2012,225400.0,1.7,petrol,manual,major_paint,grey,1,349.4
Hyundai Accent,2018,137400.0,1.6,petrol,automatic,intact,black,2,1689.5
Shahin,2005,357400.0,1.5,petrol,manual,accident_repaired,silver,3,154.8
Samand,2016,213100.0,1.8,petrol_lpg,manual,major_paint,blue,1,215.4
Tiba,2006,360300.0,1.5,petrol,automatic,accident_repaired, silver ,5,60.0
Hyundai Accent,2013,275400.0,1.6,petrol,manual,intact,white,4,1053.9
Peugeot Pars,2026,11000.0,1.8,petrol,manual,minor_paint,grey,4,683.7
Peugeot 206,2018,130600.0,1.4,petrol_lpg,manual,intact, blue ,1,433.7
Hyundai Accent,2022,50600.0,1.6,petrol,manual,intact,blue,2,1801.2
Dena,2015,179400.0,1.7,petrol,manual,accident_repaired,black,5,326.4
Rana,2023,,1.6,petrol_lpg,manual,minor_paint,silver,1,481.5
Rana,2018,,1.6,petrol,automatic,major_paint,black,2,358.4
Toyota Corolla,2008,321400.0,1.8,petrol,manual,minor_paint,grey,5,992.4
Quik,2024,7800.0,1.5,petrol,manual,major_paint,blue,4,330.6
Quik,2013,215900.0,1.5,petrol_lpg,manual,intact,black,1,202.5
Quik,2013,177300.0,1.5,petrol,automatic,intact,blue,5,221.8
Peugeot 206,2010,301800.0,1.4,petrol,MANUAL,intact,black,5,198.6
Quik,2018,120600.0,1.5,petrol,manual,intact,white,1,297.3
Samand,2007,316900.0,1.8,petrol,manual,intact,silver,4,155.2
Pride,2010,294900.0,1.3,petrol,automatic,,black,5,78.3
Pride,2007,331800.0,1.3,petrol,automatic,intact,white,3,85.8
Kia Cerato,2016,213800.0,2.0,petrol,manual,minor_paint,white,2,1615.2
Pride,2009,314400.0,1.3,petrol,manual,accident_repaired, red ,5,60.0
Peugeot 206,2010,,1.4,petrol,automatic,accident_repaired,blue,3,161.7
Peugeot Pars,2009,355900.0,1.8,petrol,automatic,intact,white,1,273.0
Shahin,2025,39600.0,1.5,petrol_lpg,manual,intact,silver,5,835.6
Peugeot Pars,2017,170000.0,1.8,petrol,automatic,minor_paint,white,1,471.9
Peugeot 206,2016,161200.0,1.4,petrol,manual,minor_paint,black,2,342.8
Dena,2012,239800.0,1.7,petrol,manual,minor_paint,red,4,295.3
Dena,2013,224200.0,1.7,petrol,manual,intact,white,2,447.7
Samand,2021,94500.0,1.8,petrol,manual,accident_repaired,white,2,339.1
Kia Cerato,2008,336300.0,2.0,petrol,automatic,minor_paint,black,5,806.8
Pride,2006,360700.0,1.3,petrol,manual,intact,silver,3,60.6
Quik,2017,145300.0,1.5,petrol_lpg,automatic,intact,red,1,289.3
Rana,2019,124900.0,1.6,petrol_lpg,manual,minor_paint,white,3,458.8
Shahin,2016,186000.0,1.5,petrol_lpg,manual,minor_paint,red,5,421.8
Peugeot Pars,2021,67600.0,1.8,petrol,manual,major_paint,silver,1,444.8
Hyundai Accent,2013,253700.0,1.6,petrol,manual,intact,white,2,1150.8
Samand,2011,293500.0,1.8,petrol,automatic,intact,white,4,238.3
Quik,2022,75900.0,1.5,petrol,automatic,intact,blue,2,408.1
Tiba,2026,,1.5,petrol_lpg,manual,minor_paint,red,1,366.0
Peugeot Pars,2006,345500.0,1.8,petrol,manual,,silver,2,156.8
Dena,2019,143600.0,1.7,petrol,manual,minor_paint,black,5,479.8
Peugeot 206,2013,275100000.0,1.4,petrol,MANUAL,intact,white,3,260.1
Samand,2010,302600.0,1.8,petrol,MANUAL,accident_repaired,white,2,145.5
Hyundai Accent,2006,389300.0,1.6,petrol_lpg,manual,minor_paint,black,2,630.4
Peugeot 206,2012,299500.0,1.4,petrol_lpg,automatic,accident_repaired,white,5,183.1
Hyundai Accent,2012,,1.6,petrol,automatic,minor_paint,red,5,1040.7
Dena,2011,288900.0,1.7,petrol,manual,,white,2,353.5
Tiba,2007,303700.0,1.5,petrol,manual,intact,blue,5,98.1
Quik,2012,256200.0,1.5,petrol,automatic,intact, black ,3,230.6
Kia Cerato,2006,402500.0,2.0,petrol_lpg,automatic,,black,2,793.9
Dena,2005,377900.0,1.7,petrol,manual,major_paint,white,1,207.2
Shahin,2018,134200.0,1.5,petrol,automatic,intact,white,3,692.3
Peugeot Pars,2005,420200.0,1.8,petrol,manual,minor_paint,white,4,153.7
Peugeot 206,2006,360800.0,1.4,petrol,manual,major_paint,blue,4,120.5
Peugeot 206,2016,202400.0,1.4,petrol,manual,intact,black,5,328.1
Dena,2013,225900.0,1.7,petrol,manual,minor_paint, silver ,2,371.6
Kia Cerato,2020,66200.0,2.0,petrol,manual,minor_paint,blue,3,1733.9
Tiba,2023,90400.0,1.5,petrol,manual,intact,blue,5,287.0
Hyundai Accent,2010,306100.0,1.6,petrol,automatic,intact,blue,1,909.2
Tiba,2008,251200.0,1.5,petrol,manual,major_paint,black,3,77.6
Kia Cerato,2012,246000.0,2.0,petrol_lpg,manual,major_paint,blue,5,824.6
Toyota Corolla,2019,157300.0,1.8,petrol_lpg,automatic,,silver,1,1826.4
Rana,2023,38800000.0,1.6,petrol,manual,intact,white,1,575.3
Pride,2011,268700.0,1.3,petrol,manual,minor_paint,silver,1,87.3
Quik,2016,,1.5,petrol,automatic,major_paint,white,4,197.2
Toyota Corolla,2018,167400.0,1.8,petrol,automatic,intact,black,1,2241.7
Hyundai Accent,2009,330600.0,1.6,petrol_lpg,manual,intact,red,3,688.6
Quik,2021,103700.0,1.5,petrol,automatic,intact,red,1,396.3
Toyota Corolla,2007,339800.0,1.8,petrol,manual,major_paint,silver,2,890.2
Kia Cerato,2020,132000.0,2.0,petrol,manual,accident_repaired,red,5,1005.6
Dena,2010,282200.0,1.7,petrol,manual,intact,silver,3,296.3
Dena,2023,40300.0,1.7,petrol,manual,intact,black,5,783.6
Shahin,2026,21600.0,1.5,petrol,manual,intact,white,5,923.6
Peugeot Pars,2015,194700.0,1.8,petrol,manual,minor_paint,white,1,349.5
Peugeot Pars,2019,139300.0,1.8,petrol_lpg,automatic,major_paint,white,1,444.2
Tiba,2018,116100.0,1.5,petrol,manual,minor_paint, grey ,5,204.9
Kia Cerato,2015,213700.0,2.0,petrol_lpg,automatic,intact,white,5,1585.3
Peugeot Pars,2006,335100.0,1.8,petrol,manual,intact,white,2,206.6
Quik,2010,283000.0,1.5,petrol,automatic,accident_repaired, white ,5,112.8
Tiba,2019,120500.0,1.5,petrol_lpg,manual,intact,red,4,188.8
Shahin,2007,325200.0,1.5,petrol,manual,intact,black,3,292.4
Tiba,2023,71700.0,1.5,petrol,manual,intact,white,5,325.2
Shahin,2007,317000.0,1.5,petrol,automatic,,white,3,285.7
Toyota Corolla,2014,210400.0,1.8,petrol,manual,minor_paint,silver,5,1260.8
Rana,2011,300700.0,1.6,petrol,manual,accident_repaired,white,2,187.9
Hyundai Accent,2021,140900.0,1.6,petrol,manual,intact,silver,3,1678.7
Pride,2025,26400.0,1.3,petrol,automatic,minor_paint,white,2,261.3
Tiba,2009,274000.0,1.5,petrol_lpg,MANUAL,intact,grey,5,109.2
Quik,2010,295600.0,1.5,petrol_lpg,manual,intact,white,4,147.6
Peugeot 206,2015,208400.0,1.4,petrol,manual,intact,black,2,321.6
Hyundai Accent,2026,28200.0,1.6,petrol,automatic,intact,black,4,2471.6
Dena,2021,102100.0,1.7,petrol_lpg,manual,minor_paint,black,1,667.1
Hyundai Accent,2017,210700.0,1.6,petrol,manual,minor_paint,grey,2,1305.2
Hyundai Accent,2015,200700.0,1.6,petrol,manual,intact,grey,3,1043.7
Samand,2008,359400.0,1.8,petrol,automatic,intact,silver,3,182.1
Shahin,2015,265200.0,1.5,petrol,automatic,,grey,1,510.0
Toyota Corolla,2005,,1.8,petrol,manual,intact,red,3,1027.1
Peugeot Pars,2026,41100.0,1.8,petrol,MANUAL,intact,white,4,748.1
Rana,2013,271600.0,1.6,petrol_lpg,manual,major_paint,red,1,218.5
Dena,2023,85900.0,1.7,petrol,AUTOMATIC,,grey,5,762.8
Hyundai Accent,2011,,1.6,petrol_lpg,automatic,major_paint,black,4,834.9
Dena,2008,341700.0,1.7,petrol,manual,accident_repaired,silver,5,157.2
Samand,2006,360800.0,1.8,petrol,manual,accident_repaired,blue,5,84.1
Peugeot 206,2022,101000.0,1.4,petrol_lpg,manual,intact, white ,3,466.8
Peugeot Pars,2017,,1.8,petrol,manual,intact,silver,3,413.8
Tiba,2016,202500.0,1.5,petrol,manual,intact,silver,3,168.9
Rana,2016,182700.0,1.6,petrol,manual,major_paint,blue,5,267.8
Quik,2019,172900.0,1.5,petrol,AUTOMATIC,intact,black,5,334.7
Peugeot Pars,2010,311000.0,1.8,petrol,MANUAL,accident_repaired,red,2,165.0
Peugeot 206,2026,30400.0,1.4,petrol,manual,minor_paint,blue,5,599.9
Dena,2021,111200.0,1.7,petrol,MANUAL,minor_paint,black,3,607.9
Quik,2023,60500.0,1.5,petrol,AUTOMATIC,intact,black,3,393.1
Peugeot Pars,2018,,1.8,petrol,manual,intact,blue,2,409.9
Toyota Corolla,2009,279300.0,1.8,petrol,manual,minor_paint, red ,5,1046.4
Peugeot Pars,2025,0.0,1.8,petrol,manual,minor_paint, red ,1,637.7
Rana,2016,182400.0,1.6,petrol,automatic,intact,white,1,426.1
Samand,2013,,1.8,petrol,manual,minor_paint,black,2,207.4
Kia Cerato,2014,239900.0,2.0,petrol,manual,intact,black,4,1244.2
Dena,2006,352900.0,1.7,petrol,manual,intact,silver,3,213.0
Quik,2016,180500.0,1.5,petrol_lpg,manual,intact,white,5,241.4
Tiba,2015,249300.0,1.5,petrol_lpg,manual,intact,red,1,184.4
Rana,2009,289700.0,1.6,petrol,manual,intact,white,1,264.7
Dena,2007,376200.0,1.7,petrol,AUTOMATIC,intact,white,4,298.8
Toyota Corolla,2011,285500.0,1.8,petrol,manual,intact,grey,4,1298.4
Peugeot 206,2021,68700.0,1.4,petrol,manual,intact,red,1,505.0
Toyota Corolla,2026,0.0,1.8,petrol,manual,major_paint,blue,1,2576.5
Shahin,2007,354100.0,1.5,petrol,AUTOMATIC,accident_repaired,silver,2,195.4
Rana,2019,130000.0,1.6,petrol,manual,minor_paint,red,5,354.5
Peugeot 206,2011,292300.0,1.4,petrol,automatic,minor_paint,grey,2,225.6
Peugeot Pars,2008,349500.0,1.8,petrol,manual,intact,silver,2,212.4
Peugeot Pars,2017,161500.0,1.8,petrol_lpg,automatic,minor_paint,black,5,417.1
Quik,2008,,1.5,petrol,manual,intact,silver,5,112.5
Dena,2012,295000.0,1.7,petrol_lpg,manual,intact,white,4,366.2
Quik,2025,8500.0,1.5,petrol_lpg,automatic,intact,grey,3,438.5
Dena,2025,58500.0,1.7,petrol,automatic,major_paint,white,1,805.0
Kia Cerato,2006,344700.0,2.0,petrol,manual,major_paint,black,4,600.3
Quik,2020,,1.5,petrol,manual,accident_repaired,silver,2,201.7
Shahin,2023,120700.0,1.5,petrol_lpg,manual,minor_paint,white,1,728.8
Hyundai Accent,2021,76700.0,1.6,petrol,MANUAL,intact,grey,4,1851.3
Peugeot Pars,2023,86000.0,1.8,petrol,automatic,minor_paint,silver,2,556.0
Samand,2017,148600.0,1.8,petrol,manual,minor_paint,white,2,348.0
Rana,2011,,1.6,petrol,automatic,intact,white,4,271.3
Samand,2012,213500.0,1.8,petrol,manual,minor_paint,black,1,212.3
Rana,2015,169800.0,1.6,petrol_lpg,manual,minor_paint,black,1,314.7
Peugeot 206,2005,349700.0,1.4,petrol_lpg,manual,minor_paint,silver,2,146.2
Tiba,2006,363900.0,1.5,petrol,manual,major_paint,white,4,73.9
Tiba,2005,380900.0,1.5,petrol,manual,minor_paint,silver,2,79.2
Shahin,2014,197400.0,1.5,petrol_lpg,manual,major_paint,silver,3,387.5
Peugeot 206,2015,203500.0,1.4,petrol_lpg,manual,minor_paint,silver,5,249.1
Tiba,2022,87500.0,1.5,petrol_lpg,manual,minor_paint,red,3,262.5
Samand,2026,0.0,1.8,petrol,manual,intact,black,4,563.2
Peugeot 206,2015,202100.0,1.4,petrol,automatic,minor_paint,white,1,321.1
Hyundai Accent,2012,217200.0,1.6,petrol_lpg,manual,minor_paint,black,5,927.8
Peugeot 206,2009,282800.0,1.4,petrol_lpg,automatic,intact,silver,3,201.2
Rana,2012,238000.0,1.6,petrol,manual,minor_paint,silver,4,231.9
Toyota Corolla,2022,103800.0,1.8,petrol,automatic,intact,grey,5,2854.3
Dena,2024,,1.7,petrol_lpg,manual,minor_paint, blue ,4,699.0
Kia Cerato,2006,354900.0,2.0,petrol,manual,major_paint,red,5,500.4
Rana,2017,230000.0,1.6,petrol,automatic,intact,white,3,382.7
Quik,2025,23500.0,1.5,petrol_lpg,manual,intact,silver,4,446.9
Peugeot Pars,2010,295600.0,1.8,petrol,manual,intact,black,1,287.4
Rana,2011,290800.0,1.6,petrol,automatic,major_paint,silver,4,227.0
Quik,2015,174000.0,1.5,petrol,automatic,minor_paint,white,5,264.7
Dena,2013,213800.0,1.7,petrol,automatic,intact,silver,3,444.2
Kia Cerato,2014,227100.0,2.0,petrol,manual,minor_paint,silver,3,1181.6
Kia Cerato,2022,98400.0,2.0,petrol_lpg,manual,minor_paint,black,2,1835.0
Shahin,2011,288200.0,1.5,petrol,manual,intact,silver,4,330.2
Kia Cerato,2006,420800.0,2.0,petrol,automatic,minor_paint,black,1,804.2
Peugeot Pars,2020,122600.0,1.8,petrol,automatic,minor_paint,grey,4,454.6
Peugeot 206,2018,174300.0,1.4,petrol_lpg,manual,minor_paint,black,5,313.6
Shahin,2021,121400.0,1.5,petrol,manual,minor_paint, white ,3,761.6
Dena,2022,73000.0,1.7,petrol,manual,minor_paint,silver,4,712.6
Pride,2020,103400.0,1.3,petrol,automatic,accident_repaired,white,3,150.7
Rana,2025,51200.0,1.6,petrol,automatic,intact,white,5,760.9
Pride,2008,313500.0,1.3,petrol,automatic,intact,silver,4,78.8
Kia Cerato,2021,92700.0,2.0,petrol_lpg,manual,major_paint,silver,5,1283.9
Samand,2022,70500.0,1.8,petrol,manual,minor_paint,silver,4,402.1
Peugeot Pars,2021,,1.8,petrol,manual,intact,white,2,540.5
Peugeot Pars,2015,224700.0,1.8,petrol,MANUAL,minor_paint,black,2,322.3
Peugeot 206,2021,81800.0,1.4,petrol_lpg,automatic,intact,black,1,547.7
Toyota Corolla,2014,213800.0,1.8,petrol,automatic,major_paint,black,2,1449.3
Pride,2016,140600.0,1.3,petrol,automatic,minor_paint,silver,1,185.2
Tiba,2012,242600.0,1.5,petrol,manual,major_paint,red,5,110.7
Rana,2019,179700.0,1.6,petrol_lpg,automatic,major_paint,blue,4,318.6
Quik,2009,295700.0,1.5,petrol_lpg,manual,intact,blue,3,152.2
Hyundai Accent,2025,0.0,1.6,petrol,manual,,silver,2,1806.7
Kia Cerato,2012,254400.0,2.0,petrol,manual,intact,white,3,1207.0
Rana,2012,273000.0,1.6,petrol,manual,minor_paint,silver,2,222.9
Dena,2008,312600.0,1.7,petrol,automatic,intact,silver,3,342.4
Peugeot Pars,2016,172700.0,1.8,petrol,MANUAL,minor_paint,silver,3,374.1
Kia Cerato,2010,303500.0,2.0,petrol,manual,minor_paint,silver,3,1005.9
Rana,2011,304700.0,1.6,petrol,automatic,accident_repaired,red,4,163.2
Hyundai Accent,2008,334600.0,1.6,petrol,automatic,intact,white,1,912.0
Toyota Corolla,2012,274900.0,1.8,petrol,manual,minor_paint,white,2,1316.3
Dena,2013,198600.0,1.7,petrol,manual,intact,blue,4,375.6
Shahin,2024,15300.0,1.5,petrol,automatic,minor_paint,white,5,929.2
Peugeot Pars,2023,90000.0,1.8,petrol_lpg,manual,accident_repaired,black,2,379.0
Hyundai Accent,2024,10700.0,1.6,petrol,manual,major_paint,grey,1,1965.7
Rana,2007,394300.0,1.6,petrol_lpg,manual,intact,black,3,165.1
Hyundai Accent,2015,203100.0,1.6,petrol,automatic,intact,silver,2,1243.2
Peugeot 206,2019,,1.4,petrol,manual,major_paint,black,2,351.8
Tiba,2006,367800.0,1.5,petrol_lpg,manual,minor_paint,blue,3,76.9
Peugeot 206,2008,311300.0,1.4,petrol_lpg,manual,intact,silver,1,190.1
Shahin,2007,356500.0,1.5,petrol,MANUAL,intact,white,2,283.6
Rana,2018,122900.0,1.6,petrol,manual,minor_paint,white,1,444.8
Hyundai Accent,2008,345300.0,1.6,petrol_lpg,automatic,minor_paint,white,3,693.0
Peugeot Pars,2013,236900.0,1.8,petrol,manual,minor_paint, black ,5,265.0
Rana,2019,144400.0,1.6,petrol_lpg,manual,intact,silver,4,428.0
Shahin,2006,336100.0,1.5,petrol,manual,intact, silver ,3,267.8
Rana,2011,274100.0,1.6,petrol,manual,intact,silver,4,225.2
Hyundai Accent,2008,332800.0,1.6,petrol,manual,intact,white,2,869.9
Samand,2026,18000.0,1.8,petrol,automatic,major_paint,white,3,545.6
Peugeot Pars,2018,114000.0,1.8,petrol,MANUAL,accident_repaired,blue,2,280.1
Samand,2022,86700.0,1.8,petrol,manual,intact,black,2,468.5
Kia Cerato,2013,276000.0,2.0,petrol,manual,minor_paint,black,5,1015.4
Dena,2016,203500.0,1.7,petrol,manual,intact,silver,3,424.1
Rana,2007,326800.0,1.6,petrol,manual,accident_repaired,black,5,130.8
Tiba,2022,52500.0,1.5,petrol,manual,intact,blue,1,312.9
Tiba,2008,373000.0,1.5,petrol,manual,intact,white,5,93.1
Quik,2024,55400.0,1.5,petrol,manual,minor_paint,black,4,385.5
Toyota Corolla,2010,,1.8,petrol,manual,intact,grey,2,1189.2
Kia Cerato,2026,0.0,2.0,petrol,manual,intact,red,4,2222.8
Rana,2020,94600.0,1.6,petrol,manual,intact,grey,4,450.4
Kia Cerato,2011,262600.0,2.0,petrol_lpg,manual,intact,blue,3,921.5
Peugeot Pars,2009,266900.0,1.8,petrol,manual,intact,silver,4,241.8
Quik,2023,87200.0,1.5,petrol,automatic,minor_paint,white,2,401.4
Quik,2005,354300.0,1.5,petrol,MANUAL,minor_paint,red,3,88.9
Dena,2018,198200.0,1.7,petrol_lpg,automatic,major_paint,silver,4,413.1
Toyota Corolla,2010,293100.0,1.8,petrol_lpg,automatic,,silver,3,1425.7
Rana,2016,,1.6,petrol_lpg,automatic,major_paint,silver,3,334.9
Shahin,2019,127000.0,1.5,petrol,manual,major_paint, white ,5,459.4
Kia Cerato,2017,159400.0,2.0,petrol,automatic,major_paint,blue,5,1349.6
Hyundai Accent,2014,,1.6,petrol,manual,major_paint,blue,3,834.6
Kia Cerato,2010,266600.0,2.0,petrol,automatic,minor_paint,silver,3,1171.3
Tiba,2016,159500.0,1.5,petrol_lpg,automatic,intact,white,4,183.1
Tiba,2012,261400.0,1.5,petrol,manual,minor_paint,black,2,127.6
Rana,2016,202800.0,1.6,petrol_lpg,manual,,grey,1,334.4
Dena,2022,,1.7,petrol_lpg,manual,minor_paint,white,1,610.5
Shahin,2006,369700.0,1.5,petrol,MANUAL,intact,silver,5,227.9
Samand,2011,320300.0,1.8,petrol,manual,accident_repaired,black,1,134.8
Dena,2023,63100.0,1.7,petrol,MANUAL,major_paint,white,5,548.2
Samand,2017,201300.0,1.8,petrol,automatic,intact,grey,1,375.7
Quik,2011,287200.0,1.5,petrol,MANUAL,major_paint,black,1,134.5
Peugeot Pars,2010,311700.0,1.8,petrol,automatic,intact,white,3,275.2
Hyundai Accent,2011,313900.0,1.6,petrol,manual,minor_paint,grey,4,705.3
Pride,2017,214200.0,1.3,petrol,automatic,intact,red,3,165.0
Peugeot 206,2009,339200.0,1.4,petrol,automatic,major_paint,white,3,191.6
Tiba,2006,394000.0,1.5,petrol_lpg,automatic,minor_paint,grey,3,83.1
Quik,2012,279200.0,1.5,petrol,manual,minor_paint,red,4,143.6
Peugeot 206,2007,360600.0,1.4,petrol,automatic,major_paint, black ,2,152.9
Hyundai Accent,2025,38100.0,1.6,petrol,manual,intact,black,1,1976.0
Hyundai Accent,2010,379400.0,1.6,petrol,MANUAL,minor_paint,black,1,769.8
Toyota Corolla,2013,267400.0,1.8,petrol_lpg,automatic,minor_paint,silver,4,1092.2
Rana,2021,,1.6,petrol,manual,major_paint,blue,4,354.2
Peugeot Pars,2007,372400.0,1.8,petrol,manual,intact,black,4,201.1
Dena,2026,32300.0,1.7,petrol,manual,minor_paint,silver,4,763.3
Hyundai Accent,2015,203100.0,1.6,petrol,automatic,minor_paint,grey,2,1162.8
Pride,2013,260100.0,1.3,petrol,manual,intact,silver,1,106.9
Tiba,2016,204500.0,1.5,petrol,automatic,intact,black,1,233.2
Rana,2015,,1.6,petrol,AUTOMATIC,intact,white,4,373.2
Samand,2006,339800.0,1.8,petrol_lpg,MANUAL,intact,silver,2,128.0
Hyundai Accent,2006,396400.0,1.6,petrol,manual,intact,silver,5,642.8
Peugeot 206,2011,282600.0,1.4,petrol_lpg,automatic,minor_paint,silver,1,238.4
Samand,2015,251600.0,1.8,petrol_lpg,manual,accident_repaired,silver,4,150.4
Peugeot 206,2023,46000.0,1.4,petrol_lpg,manual,major_paint,white,5,390.1
Samand,2023,18200.0,1.8,petrol,manual,,white,5,355.2
Dena,2012,255900.0,1.7,petrol_lpg,manual,intact,white,5,298.5
Tiba,2013,234600.0,1.5,petrol,automatic,intact,black,1,184.4
Pride,2021,83000.0,1.3,petrol_lpg,automatic,minor_paint,white,3,210.3
Hyundai Accent,2023,81300.0,1.6,petrol,manual,minor_paint,white,3,1837.3
Hyundai Accent,2025,14500.0,1.6,petrol,manual,intact,red,2,2196.2
Toyota Corolla,2022,72400.0,1.8,petrol,manual,major_paint,silver,4,1876.9
Peugeot 206,2026,0.0,1.4,petrol,manual,minor_paint,red,3,573.6
Shahin,2020,122400.0,1.5,petrol,manual,intact,silver,1,702.7
Pride,2024,53900.0,1.3,petrol,manual,intact,silver,1,270.9
Dena,2018,,1.7,petrol,manual,major_paint,silver,4,380.7
Dena,2017,204200.0,1.7,petrol_lpg,MANUAL,major_paint,black,4,379.0
Kia Cerato,2025,38700.0,2.0,petrol,automatic,accident_repaired,white,4,2078.6
Quik,2017,161600.0,1.5,petrol,manual,minor_paint,blue,4,224.4
Quik,2016,158600.0,1.5,petrol,automatic,accident_repaired,blue,2,194.7
Tiba,2010,302500.0,1.5,petrol,manual,intact,silver,5,110.6
Peugeot 206,2010,282300.0,1.4,petrol,manual,minor_paint,red,1,172.9
Pride,2025,37100.0,1.3,petrol,manual,intact,blue,1,284.9
Peugeot 206,2023,72900.0,1.4,petrol,manual,minor_paint,white,5,495.3
Kia Cerato,2020,127200.0,2.0,petrol_lpg,automatic,accident_repaired,silver,1,1377.2
Peugeot Pars,2013,220300.0,1.8,petrol,manual,minor_paint,black,4,286.5
Rana,2007,343600.0,1.6,petrol,automatic,major_paint,black,1,203.1
Shahin,2005,367500.0,1.5,petrol,manual,intact,black,1,246.8
Peugeot 206,2025,6000.0,1.4,petrol,manual,major_paint, silver ,4,538.0
Rana,2008,354100.0,1.6,petrol,manual,intact,silver,2,220.1
Tiba,2012,253400.0,1.5,petrol,manual,intact,white,5,152.8
Peugeot 206,2006,348500.0,1.4,petrol_lpg,manual,minor_paint,grey,3,166.8
Kia Cerato,2006,330700.0,2.0,petrol,MANUAL,accident_repaired, silver ,2,599.9
Quik,2018,212800.0,1.5,petrol_lpg,manual,major_paint,red,5,184.2
Peugeot Pars,2005,349900.0,1.8,petrol,manual,minor_paint,white,5,156.6
Hyundai Accent,2021,121500.0,1.6,petrol,manual,intact,white,2,1693.2
Peugeot 206,2021,41000.0,1.4,petrol,manual,minor_paint,black,5,426.0
Quik,2008,327400.0,1.5,petrol,manual,major_paint,white,1,120.8
Pride,2012,251100.0,1.3,petrol,automatic,,blue,5,111.3
Samand,2010,,1.8,petrol,automatic,intact,black,5,204.2
Rana,2006,338800.0,1.6,petrol,manual,major_paint, white ,1,150.4
Rana,2014,186500.0,1.6,petrol_lpg,manual,intact,white,5,298.6
Dena,2020,104200.0,1.7,petrol,automatic,minor_paint,silver,1,718.8
Hyundai Accent,2022,73000.0,1.6,petrol,manual,major_paint,silver,5,1372.9
Peugeot 206,2018,116300.0,1.4,petrol,manual,intact,silver,1,464.4
Dena,2019,145000.0,1.7,petrol,manual,major_paint,white,2,491.7
Kia Cerato,2019,119000.0,2.0,petrol,automatic,intact,silver,4,1785.0
Peugeot Pars,2012,284500.0,1.8,petrol,manual,intact,red,1,280.9
Pride,2012,238600.0,1.3,petrol,manual,minor_paint,white,3,86.4
Rana,2009,,1.6,petrol,automatic,minor_paint,blue,4,207.5
Toyota Corolla,2023,51000.0,1.8,petrol,automatic,intact,blue,2,2733.4
Quik,2011,310300.0,1.5,petrol,manual,accident_repaired,silver,3,102.7
Pride,2006,381800.0,1.3,petrol_lpg,manual,intact,red,5,60.0
Hyundai Accent,2008,345800.0,1.6,petrol_lpg,manual,major_paint,grey,5,553.7
Pride,2007,345300.0,1.3,petrol,automatic,intact,white,3,81.6
Rana,2021,74200.0,1.6,petrol_lpg,manual,intact,white,1,578.1
Rana,2025,27900.0,1.6,petrol_lpg,automatic,accident_repaired,grey,1,514.6
Quik,2016,163000.0,1.5,petrol,manual,intact,white,4,268.9
Peugeot Pars,2005,371100.0,1.8,petrol,automatic,major_paint,blue,5,134.1
Hyundai Accent,2021,87700.0,1.6,petrol,automatic,minor_paint,silver,4,1529.8
Rana,2006,344800.0,1.6,petrol_lpg,AUTOMATIC,intact,grey,1,206.0
Tiba,2007,334200.0,1.5,petrol,manual,intact,black,4,99.7
Tiba,2020,115500.0,1.5,petrol,automatic,minor_paint,white,5,238.1
Pride,2018,146700.0,1.3,petrol,automatic,minor_paint,white,2,188.2
Pride,2020,150100.0,1.3,petrol,automatic,major_paint,white,4,171.7
Pride,2021,110500.0,1.3,petrol,manual,intact,black,3,221.5
Kia Cerato,2016,184900.0,2.0,petrol_lpg,automatic,minor_paint,white,3,1659.8
Toyota Corolla,2009,280700.0,1.8,petrol,automatic,major_paint,white,3,1000.3
Rana,2014,172600.0,1.6,petrol,manual,accident_repaired,white,3,225.4
Shahin,2025,,1.5,petrol,manual,intact,silver,5,903.7
Tiba,2025,53100.0,1.5,petrol,manual,minor_paint,black,2,372.0
Toyota Corolla,2017,197100.0,1.8,petrol,automatic,intact,black,2,2041.9
Tiba,2020,75600.0,1.5,petrol,manual,minor_paint,black,4,256.3
Quik,2016,183700.0,1.5,petrol,automatic,intact,black,2,258.5
Peugeot 206,2018,103800.0,1.4,petrol_lpg,manual,intact,blue,3,389.9
Tiba,2021,68200.0,1.5,petrol,manual,intact,white,5,271.3
Peugeot Pars,2021,111700.0,1.8,petrol_lpg,manual,intact,blue,1,522.3
Hyundai Accent,2009,270900.0,1.6,petrol,manual,intact,white,1,921.5
Dena,2018,186800.0,1.7,petrol,manual,intact,white,3,577.1
Peugeot Pars,2021,125700.0,1.8,petrol,automatic,major_paint,red,1,395.3
Dena,2019,76700.0,1.7,petrol,automatic,major_paint,black,1,660.2
Pride,2012,267500.0,1.3,petrol,manual,intact,white,3,110.2
Quik,2022,100800.0,1.5,petrol_lpg,manual,intact,white,1,324.4
Shahin,2026,0.0,1.5,petrol,manual,major_paint,black,3,825.3
Toyota Corolla,2007,381000.0,1.8,petrol,MANUAL,accident_repaired,silver,5,575.8
Tiba,2010,289300.0,1.5,petrol,automatic,,blue,2,123.6
Peugeot Pars,2014,216100.0,1.8,petrol,AUTOMATIC,intact,blue,2,368.6
Peugeot 206,2020,145200.0,1.4,petrol,manual,accident_repaired,blue,2,325.2
Dena,2016,157000.0,1.7,petrol,automatic,major_paint,grey,5,441.9
Toyota Corolla,2009,328200.0,1.8,petrol,manual,intact,grey,3,1192.9
Peugeot 206,2018,145900.0,1.4,petrol,manual,minor_paint,black,2,340.5
Peugeot Pars,2016,119700.0,1.8,petrol_lpg,automatic,minor_paint,blue,1,354.3
Samand,2010,305600.0,1.8,petrol,manual,major_paint,white,4,161.4
Toyota Corolla,2026,0.0,1.8,petrol_lpg,manual,intact,silver,3,2972.8
Tiba,2020,,1.5,petrol_lpg,MANUAL,intact,black,2,287.2
Rana,2017,128100.0,1.6,petrol_lpg,manual,intact,grey,3,411.4
Rana,2005,386900.0,1.6,petrol,manual,major_paint,black,2,118.4
Tiba,2006,370100.0,1.5,petrol,manual,intact,white,3,86.3
Shahin,2010,287000.0,1.5,petrol,manual,minor_paint,silver,4,277.8
Toyota Corolla,2021,128400.0,1.8,petrol,manual,minor_paint,silver,1,1897.3
Kia Cerato,2010,,2.0,petrol,automatic,intact,white,3,1297.6
Pride,2019,149500.0,1.3,petrol_lpg,manual,intact,silver,4,165.5
Peugeot 206,2020,151300.0,1.4,petrol,manual,,blue,2,430.6
Peugeot 206,2008,319300.0,1.4,petrol,manual,,white,3,186.2
Hyundai Accent,2015,185000.0,1.6,petrol,manual,major_paint,silver,1,1035.1
Rana,2018,118400.0,1.6,petrol,manual,minor_paint,silver,3,375.8
Tiba,2026,,1.5,petrol,manual,minor_paint,white,5,340.4
Kia Cerato,2008,370900.0,2.0,petrol,manual,intact, black ,3,1030.2
Pride,2009,320200.0,1.3,petrol_lpg,manual,minor_paint,blue,3,62.5
Samand,2026,,1.8,petrol,manual,major_paint,white,5,478.4
Pride,2008,369400.0,1.3,petrol,manual,intact,black,3,71.9
Peugeot Pars,2026,13200.0,1.8,petrol,manual,major_paint,blue,1,551.2
Dena,2017,165900000.0,1.7,petrol,MANUAL,major_paint,red,3,354.9
Pride,2016,194800.0,1.3,petrol_lpg,manual,minor_paint, silver ,1,129.4
Rana,2015,240600.0,1.6,petrol,manual,intact,white,4,350.2
Kia Cerato,2010,279700.0,2.0,petrol,automatic,minor_paint,black,1,1096.3
Shahin,2013,226900.0,1.5,petrol_lpg,manual,intact,silver,2,411.5
Rana,2010,309800.0,1.6,petrol,manual,intact,silver,4,231.8
Tiba,2025,10900.0,1.5,petrol_lpg,manual,accident_repaired,silver,2,246.7
Peugeot Pars,2014,168100.0,1.8,petrol,automatic,minor_paint,black,5,320.2
Dena,2023,105100.0,1.7,petrol_lpg,manual,minor_paint,white,1,771.9
Shahin,2006,374700.0,1.5,petrol_lpg,manual,,blue,4,213.5
Samand,2006,,1.8,petrol,automatic,intact, black ,3,142.2
Hyundai Accent,2006,368400.0,1.6,petrol,automatic,minor_paint,white,1,810.7
Hyundai Accent,2008,350400.0,1.6,petrol,manual,intact,white,2,842.9
Peugeot Pars,2007,330800.0,1.8,petrol,manual,,silver,4,200.2
Tiba,2009,309700.0,1.5,petrol,manual,major_paint,silver,2,90.1
Tiba,2006,398600.0,1.5,petrol,manual,intact,silver,3,76.5
Shahin,2026,26600.0,1.5,petrol,manual,minor_paint,grey,5,765.9
Kia Cerato,2015,196800.0,2.0,petrol,automatic,major_paint,black,1,1392.8
Pride,2021,107600.0,1.3,petrol_lpg,manual,intact,silver,3,172.5
Samand,2025,42200.0,1.8,petrol,automatic,intact,grey,4,635.8
Rana,2019,76000.0,1.6,petrol,manual,accident_repaired,blue,2,291.0
Tiba,2010,308000.0,1.5,petrol_lpg,manual,minor_paint,black,2,105.2
Rana,2014,267800.0,1.6,petrol,manual,intact,black,3,283.5
Rana,2014,196800.0,1.6,petrol,automatic,intact,white,5,337.6
Peugeot Pars,2010,288700.0,1.8,petrol,manual,intact, white ,5,233.2
Kia Cerato,2006,384000.0,2.0,petrol,manual,intact,blue,1,795.8
Tiba,2023,41300.0,1.5,petrol_lpg,manual,intact, black ,2,320.8
Toyota Corolla,2020,153200.0,1.8,petrol,MANUAL,minor_paint,silver,5,1700.6
Dena,2009,334000.0,1.7,petrol,manual,minor_paint,grey,2,285.3
Dena,2010,264900.0,1.7,petrol_lpg,manual,intact,white,3,315.7
Tiba,2005,433900.0,1.5,petrol,manual,intact,silver,5,69.8
Kia Cerato,2010,324900.0,2.0,petrol,manual,intact,blue,3,963.3
Rana,2007,381300.0,1.6,petrol,MANUAL,intact,silver,4,177.6
Rana,2009,309300.0,1.6,petrol_lpg,manual,major_paint,white,4,183.9
Peugeot 206,2018,162800.0,1.4,petrol_lpg,automatic,intact,blue,5,390.9
Dena,2026,29900.0,1.7,petrol,MANUAL,intact,red,5,774.0
Samand,2022,58600.0,1.8,petrol,manual,major_paint,silver,4,380.7
Tiba,2017,,1.5,petrol,manual,major_paint,red,2,161.8
Samand,2015,,1.8,petrol,manual,minor_paint,silver,3,251.4
Toyota Corolla,2025,30600.0,1.8,petrol,manual,minor_paint,white,3,2450.9
Rana,2007,338700.0,1.6,petrol,manual,minor_paint,blue,4,174.3
Peugeot 206,2008,316000.0,1.4,petrol_lpg,automatic,,black,1,184.8
Pride,2021,,1.3,petrol,manual,intact,silver,4,192.2
Kia Cerato,2020,113900.0,2.0,petrol,MANUAL,intact,white,4,1735.3
Quik,2020,102200.0,1.5,petrol,manual,intact,white,2,378.3
Samand,2006,351000.0,1.8,petrol,manual,intact,black,4,151.4
Dena,2016,187200.0,1.7,petrol,manual,major_paint,white,4,412.6
Toyota Corolla,2017,158700000.0,1.8,petrol,manual,intact,red,3,1604.1
Kia Cerato,2024,19300.0,2.0,petrol,manual,intact,black,5,1765.5
Toyota Corolla,2017,170700.0,1.8,petrol,automatic,minor_paint,blue,5,1571.2
Samand,2011,242400.0,1.8,petrol,manual,accident_repaired,blue,1,137.8
Shahin,2012,251500.0,1.5,petrol,manual,intact,white,5,422.9
Hyundai Accent,2006,382200.0,1.6,petrol_lpg,manual,intact,red,4,561.0
Dena,2017,134400.0,1.7,petrol,automatic,intact,silver,5,632.1
Peugeot 206,2012,209700.0,1.4,petrol,MANUAL,intact,blue,4,262.4
Peugeot 206,2011,277000.0,1.4,petrol,manual,major_paint,silver,3,189.1
Hyundai Accent,2024,45500.0,1.6,petrol,manual,intact,blue,4,1907.5
Quik,2014,203700.0,1.5,petrol_lpg,manual,major_paint,blue,4,159.7
Peugeot 206,2017,167900.0,1.4,petrol,manual,minor_paint,white,5,317.6
Tiba,2021,63500.0,1.5,petrol,manual,intact,silver,2,273.1
Peugeot Pars,2006,306100.0,1.8,petrol,manual,intact,red,5,196.2
Peugeot Pars,2016,168500.0,1.8,petrol_lpg,automatic,intact,grey,4,384.4
Toyota Corolla,2011,261900.0,1.8,petrol,manual,major_paint,silver,3,1084.7
Toyota Corolla,2006,318800.0,1.8,petrol,manual,major_paint,white,3,996.6
Kia Cerato,2012,218600.0,2.0,petrol_lpg,AUTOMATIC,intact,blue,2,1513.5
Tiba,2009,326900.0,1.5,petrol,manual,minor_paint,silver,2,110.3
Kia Cerato,2017,180800.0,2.0,petrol,automatic,intact,red,2,1578.3
Samand,2024,6400.0,1.8,petrol,manual,intact,black,3,553.6
Rana,2006,352900.0,1.6,petrol,automatic,minor_paint,black,3,181.9
Rana,2005,353800.0,1.6,petrol_lpg,manual,intact,silver,1,162.6
Samand,2017,163100.0,1.8,petrol,manual,major_paint,black,3,274.7
Dena,2019,131600.0,1.7,petrol,manual,minor_paint,red,2,551.6
Pride,2014,192600.0,1.3,petrol,manual,major_paint,black,3,105.5
Kia Cerato,2016,205200.0,2.0,petrol,manual,intact, silver ,1,1322.4
Tiba,2007,334200.0,1.5,petrol,manual,intact,black,4,99.7
Rana,2022,115600.0,1.6,petrol_lpg,manual,minor_paint,grey,1,522.0
Pride,2021,,1.3,petrol,manual,major_paint,silver,2,159.8
Pride,2017,125000.0,1.3,petrol,manual,minor_paint,grey,4,141.6
Quik,2014,261300.0,1.5,petrol,automatic,intact,white,5,216.0
Toyota Corolla,2018,106300.0,1.8,petrol_lpg,manual,minor_paint,black,1,1664.3
Hyundai Accent,2014,204900.0,1.6,petrol,manual,intact,red,3,1242.7
Toyota Corolla,2025,19000.0,1.8,petrol,manual,intact,white,3,2506.8
Rana,2016,142700.0,1.6,petrol,manual,intact,white,5,339.7
Pride,2012,242800.0,1.3,petrol,automatic,minor_paint,blue,2,117.7
Kia Cerato,2019,130900.0,2.0,petrol,manual,minor_paint,silver,3,1573.8
Tiba,2014,249800.0,1.5,petrol,manual,intact,red,1,168.3
Quik,2005,361900.0,1.5,petrol,manual,intact,red,2,109.4
Hyundai Accent,2015,197100.0,1.6,petrol,manual,minor_paint,black,3,1060.6
Tiba,2016,156100.0,1.5,petrol,manual,minor_paint,grey,1,202.4
Kia Cerato,2014,206900.0,2.0,petrol_lpg,automatic,minor_paint,white,5,1266.3
Rana,2011,258600.0,1.6,petrol,automatic,intact,red,1,292.6
Dena,2020,154200.0,1.7,petrol_lpg,MANUAL,intact,red,5,501.5
Quik,2026,12800.0,1.5,petrol,manual,minor_paint,grey,5,451.5
Hyundai Accent,2005,423000.0,1.6,petrol_lpg,manual,intact,black,5,551.4
Tiba,2025,12700.0,1.5,petrol,manual,intact,grey,5,364.0
Rana,2026,34500.0,1.6,petrol_lpg,manual,intact,grey,3,621.5
Kia Cerato,2007,,2.0,petrol,automatic,intact,white,3,938.7
Samand,2011,260300.0,1.8,petrol_lpg,automatic,major_paint,silver,2,195.2
Samand,2020,117300.0,1.8,petrol,automatic,accident_repaired,silver,1,308.8
Peugeot 206,2015,225600.0,1.4,petrol_lpg,manual,intact,blue,3,276.8
Samand,2005,416000.0,1.8,petrol,manual,minor_paint,red,2,105.8
Kia Cerato,2016,181400.0,2.0,petrol_lpg,automatic,major_paint,grey,5,1271.9
Toyota Corolla,2005,381900.0,1.8,petrol_lpg,manual,intact,black,5,870.7
Rana,2026,0.0,1.6,petrol,MANUAL,intact,white,3,715.1
Samand,2010,281500.0,1.8,petrol,manual,intact,grey,2,207.8
Toyota Corolla,2013,241300.0,1.8,petrol_lpg,manual,minor_paint,blue,5,1222.2
Samand,2022,106700.0,1.8,petrol,manual,minor_paint,silver,1,459.8
Shahin,2021,88000.0,1.5,petrol_lpg,manual,minor_paint,grey,3,643.9
Kia Cerato,2025,0.0,2.0,petrol,automatic,major_paint,white,4,2079.7
Peugeot 206,2016,159200.0,1.4,petrol,manual,minor_paint,white,2,379.6
Peugeot Pars,2013,251000.0,1.8,petrol_lpg,manual,major_paint,black,2,228.9
Hyundai Accent,2007,326000.0,1.6,petrol,manual,intact,grey,4,782.3
Hyundai Accent,2005,351500.0,1.6,petrol,automatic,intact,red,1,741.4
Hyundai Accent,2021,107800.0,1.6,petrol,manual,minor_paint,white,3,1686.0
Pride,2020,103300.0,1.3,petrol,automatic,minor_paint,silver,2,217.7
Quik,2010,252900.0,1.5,petrol,manual,major_paint,silver,3,149.2
Dena,2026,34800.0,1.7,petrol,manual,intact,silver,2,849.8
Tiba,2015,171200.0,1.5,petrol_lpg,manual,major_paint,black,3,150.7
Hyundai Accent,2019,72100.0,1.6,petrol_lpg,manual,intact,blue,1,1648.4
Toyota Corolla,2010,272600.0,1.8,petrol,manual,accident_repaired,silver,1,905.0
Peugeot Pars,2012,260400.0,1.8,petrol,automatic,intact,white,4,333.9
Peugeot 206,2024,0.0,1.4,petrol_lpg,manual,intact,black,4,542.3
Samand,2007,360100.0,1.8,petrol,MANUAL,minor_paint,red,2,134.2
Shahin,2005,354100.0,1.5,petrol,automatic,accident_repaired,silver,3,168.3
Rana,2013,270200.0,1.6,petrol,manual,intact,white,2,253.9
Samand,2009,325300.0,1.8,petrol,manual,major_paint,red,1,130.4
Dena,2009,325000.0,1.7,petrol_lpg,MANUAL,,black,4,274.6
Tiba,2018,94300.0,1.5,petrol,manual,intact,black,4,242.0
Hyundai Accent,2022,90400.0,1.6,petrol,manual,intact,blue,1,2024.9
Tiba,2026,10100.0,1.5,petrol,automatic,intact, blue ,5,351.9
Shahin,2007,340200.0,1.5,petrol,manual,intact,silver,1,309.4
Kia Cerato,2010,,2.0,petrol,automatic,intact,silver,3,1103.3
Kia Cerato,2007,357300.0,2.0,petrol,automatic,minor_paint,silver,2,859.9
Toyota Corolla,2006,363500.0,1.8,petrol,manual,major_paint,white,3,874.2
Quik,2026,19500.0,1.5,petrol,manual,accident_repaired,silver,1,298.7
Shahin,2012,233100.0,1.5,petrol,manual,minor_paint,white,3,372.8
Peugeot 206,2015,,1.4,petrol,manual,accident_repaired,white,1,246.3
Peugeot 206,2023,66000.0,1.4,petrol,manual,minor_paint,silver,5,482.2
Rana,2014,,1.6,petrol_lpg,automatic,major_paint,black,2,302.3
Rana,2011,247500.0,1.6,petrol,manual,minor_paint, silver ,4,246.9
Pride,2008,326400.0,1.3,petrol_lpg,manual,intact,white,4,73.0
Peugeot 206,2007,360900.0,1.4,petrol,automatic,minor_paint,white,1,188.2
Hyundai Accent,2012,235900.0,1.6,petrol,manual,minor_paint,silver,4,816.6
Quik,2013,245400.0,1.5,petrol_lpg,manual,minor_paint,silver,1,164.6
Peugeot 206,2018,152700.0,1.4,petrol_lpg,manual,accident_repaired,white,4,244.9
Hyundai Accent,2013,238000.0,1.6,petrol,automatic,minor_paint,silver,1,1067.5
Kia Cerato,2022,63300.0,2.0,petrol,manual,accident_repaired,white,2,1415.8
Samand,2012,230900.0,1.8,petrol,manual,intact,silver,4,208.7
Quik,2011,,1.5,petrol,automatic,minor_paint,grey,4,187.2
Pride,2021,59300.0,1.3,petrol,manual,minor_paint,blue,4,198.1
Quik,2025,3800.0,1.5,petrol,manual,,blue,4,474.9
Hyundai Accent,2005,351700.0,1.6,petrol_lpg,MANUAL,accident_repaired,black,3,427.4
Samand,2012,280000.0,1.8,petrol,manual,intact,white,1,229.4
Tiba,2018,163000.0,1.5,petrol_lpg,automatic,minor_paint,black,1,252.7
Rana,2025,23900.0,1.6,petrol,manual,minor_paint,blue,3,562.5
Kia Cerato,2010,312500.0,2.0,petrol,manual,intact,red,3,977.7
Quik,2007,288500.0,1.5,petrol,manual,intact,silver,2,140.8
Peugeot Pars,2012,212500.0,1.8,petrol,manual,minor_paint,blue,1,277.1
Tiba,2010,329000.0,1.5,petrol,manual,intact,white,2,115.3
Quik,2018,119100.0,1.5,petrol,manual,minor_paint,blue,3,260.5
Shahin,2012,243000.0,1.5,petrol,manual,major_paint,grey,4,300.4
Hyundai Accent,2026,36000.0,1.6,petrol_lpg,automatic,accident_repaired,silver,2,1652.6
Toyota Corolla,2011,261900.0,1.8,petrol,manual,major_paint,silver,3,1084.7
Rana,2011,277000.0,1.6,petrol_lpg,automatic,intact,silver,3,293.8
Quik,2014,203700.0,1.5,petrol_lpg,manual,major_paint,blue,4,159.7
Quik,2005,402400.0,1.5,petrol_lpg,automatic,major_paint,white,4,91.5
Pride,2021,144400.0,1.3,petrol,MANUAL,major_paint,silver,4,162.2
Dena,2024,86400.0,1.7,petrol_lpg,manual,intact,grey,1,806.1
Rana,2015,240600.0,1.6,petrol,manual,intact,white,4,350.2
Samand,2007,301000.0,1.8,petrol,manual,major_paint,white,1,145.2
Kia Cerato,2007,335000.0,2.0,petrol,manual,major_paint,white,5,691.6
Pride,2020,80400.0,1.3,petrol_lpg,manual,intact,silver,3,198.4
Hyundai Accent,2005,362400.0,1.6,petrol,manual,intact,black,3,705.3
Peugeot 206,2018,143100.0,1.4,petrol_lpg,manual,intact,black,4,362.3
Kia Cerato,2024,34000.0,2.0,petrol_lpg,automatic,minor_paint,silver,5,2327.0
Peugeot Pars,2009,307100.0,1.8,petrol,manual,accident_repaired, red ,5,152.8
Dena,2009,341700.0,1.7,petrol_lpg,manual,accident_repaired,white,4,171.9
Rana,2026,0.0,1.6,petrol,manual,major_paint,red,5,493.8
Quik,2026,0.0,1.5,petrol,manual,minor_paint,white,5,397.1
Hyundai Accent,2017,176700.0,1.6,petrol,manual,intact,white,4,1264.6
Quik,2005,402400.0,1.5,petrol,manual,intact,silver,4,92.1
Shahin,2022,52400.0,1.5,petrol,automatic,minor_paint,blue,5,677.1
Rana,2021,92400.0,1.6,petrol,manual,intact,black,2,514.9
Shahin,2026,21700.0,1.5,petrol,manual,intact,white,2,1105.3
Dena,2005,413000.0,1.7,petrol,manual,intact,white,4,229.3
Kia Cerato,2019,124800.0,2.0,petrol,manual,major_paint,blue,5,1314.6
Dena,2011,275700.0,1.7,petrol,manual,intact,grey,5,296.0
Pride,2019,94600.0,1.3,petrol,manual,intact,grey,3,202.4
Peugeot 206,2022,125900.0,1.4,petrol,MANUAL,intact,blue,3,511.6
Kia Cerato,2023,0.0,2.0,petrol_lpg,automatic,minor_paint,white,2,2558.8
Shahin,2015,,1.5,petrol,manual,major_paint,blue,2,428.3
Hyundai Accent,2012,260700.0,1.6,petrol,manual,intact,silver,4,887.6
Shahin,2008,354200.0,1.5,petrol,manual,major_paint,white,5,242.1
Peugeot 206,2016,119800.0,1.4,petrol_lpg,automatic,intact,silver,2,389.3
Dena,2024,42200.0,1.7,petrol,manual,minor_paint,silver,3,716.9
Rana,2015,176000.0,1.6,petrol_lpg,manual,intact, silver ,2,344.0
Kia Cerato,2014,230400.0,2.0,petrol,manual,accident_repaired,white,4,905.2
Hyundai Accent,2007,303500.0,1.6,petrol,manual,intact, silver ,3,874.7
Kia Cerato,2021,145800.0,2.0,petrol,manual,intact, white ,1,2102.1
Pride,2023,46500.0,1.3,petrol,automatic,intact,white,2,319.0
Kia Cerato,2021,,2.0,petrol,automatic,,black,4,1941.0
Tiba,2017,178700.0,1.5,petrol,automatic,intact,blue,2,208.9
Hyundai Accent,2019,130000.0,1.6,petrol_lpg,manual,,grey,2,1565.3
Kia Cerato,2021,90300.0,2.0,petrol_lpg,manual,intact,black,4,1849.4
Hyundai Accent,2005,,1.6,petrol_lpg,MANUAL,minor_paint,white,3,559.5
Hyundai Accent,2019,,1.6,petrol,manual,intact,white,3,1523.7
Peugeot Pars,2012,225500.0,1.8,petrol,MANUAL,minor_paint,grey,5,244.5
Shahin,2005,419400.0,1.5,petrol,manual,minor_paint,grey,5,182.7
Toyota Corolla,2007,378300.0,1.8,petrol,manual,accident_repaired,silver,2,695.9
Peugeot Pars,2015,229400.0,1.8,petrol,manual,accident_repaired,black,1,252.6
Peugeot 206,2017,123000.0,1.4,petrol,manual,intact,black,2,424.9
Peugeot 206,2024,78300.0,1.4,petrol,manual,major_paint,silver,1,449.6
Quik,2011,259100.0,1.5,petrol,manual,minor_paint, silver ,2,156.2
Kia Cerato,2025,,2.0,petrol,manual,minor_paint,white,2,2271.4
Quik,2009,323600.0,1.5,petrol,manual,intact,white,3,161.7
Pride,2006,405600.0,1.3,petrol,manual,minor_paint,black,1,60.0
Peugeot 206,2018,191700.0,1.4,petrol,manual,intact,grey,2,376.1
Peugeot Pars,2023,72900.0,1.8,petrol,manual,,grey,4,341.8
Kia Cerato,2005,371100.0,2.0,petrol,manual,accident_repaired,black,2,563.3
Peugeot 206,2012,271600.0,1.4,petrol,manual,accident_repaired,silver,4,144.8
Toyota Corolla,2026,2400.0,1.8,petrol_lpg,manual,intact,white,3,2977.2
Hyundai Accent,2026,0.0,1.6,petrol,automatic,accident_repaired,black,4,1824.0
Samand,2014,232200.0,1.8,petrol,manual,major_paint,white,4,221.2
Peugeot Pars,2007,382400.0,1.8,petrol,manual,major_paint,black,3,154.1
Hyundai Accent,2019,103300.0,1.6,petrol_lpg,manual,intact,black,2,1643.0
Shahin,2006,349300.0,1.5,petrol,MANUAL,intact,silver,4,251.0
Tiba,2007,310600.0,1.5,petrol,automatic,intact,white,2,122.3
Rana,2026,15600.0,1.6,petrol,manual,intact,black,1,699.3
Peugeot 206,2024,19300.0,1.4,petrol,manual,intact,silver,4,559.4
Rana,2007,347600.0,1.6,petrol,automatic,accident_repaired,grey,4,144.3
Peugeot 206,2015,162300.0,1.4,petrol,manual,minor_paint,white,3,309.5
Hyundai Accent,2011,298400.0,1.6,petrol,manual,minor_paint,white,4,766.6
Peugeot Pars,2005,420200.0,1.8,petrol,manual,minor_paint,white,4,153.7
Toyota Corolla,2007,330800.0,1.8,petrol_lpg,manual,intact,white,3,1082.6
Hyundai Accent,2022,79400.0,1.6,petrol,manual,intact,silver,3,1734.8
Toyota Corolla,2012,,1.8,petrol,automatic,intact,silver,3,1554.7
Tiba,2021,102300.0,1.5,petrol,automatic,intact,silver,2,322.8
Kia Cerato,2023,22000.0,2.0,petrol,manual,intact,black,2,2346.9
Kia Cerato,2026,29100.0,2.0,petrol,manual,intact,silver,4,2374.0
Rana,2017,196300.0,1.6,petrol,manual,intact,blue,2,371.0
Peugeot Pars,2009,315200.0,1.8,petrol_lpg,manual,minor_paint,red,4,170.6
Peugeot 206,2018,125300.0,1.4,petrol,manual,intact,white,4,367.2
Kia Cerato,2011,295000.0,2.0,petrol,manual,minor_paint,silver,1,957.6
Dena,2013,258700.0,1.7,petrol,automatic,major_paint,silver,3,347.0
Tiba,2008,337900.0,1.5,petrol,manual,accident_repaired,silver,2,75.1
Quik,2016,173800.0,1.5,petrol,manual,intact,silver,1,269.7
Toyota Corolla,2021,75700.0,1.8,petrol,automatic,minor_paint,white,4,2657.1
Shahin,2008,361200.0,1.5,petrol,manual,accident_repaired, grey ,2,203.4
Tiba,2014,204400.0,1.5,petrol,MANUAL,accident_repaired,white,1,117.6
Peugeot 206,2012,275500.0,1.4,petrol,automatic,minor_paint,black,1,273.8
Rana,2006,369400.0,1.6,petrol,MANUAL,accident_repaired,silver,3,112.1
Shahin,2016,148200.0,1.5,petrol_lpg,automatic,intact,silver,1,623.7
Peugeot Pars,2005,382800.0,1.8,petrol_lpg,MANUAL,intact,red,3,138.7
Kia Cerato,2008,353500.0,2.0,petrol,manual,major_paint,silver,4,671.8
Pride,2024,62500.0,1.3,petrol,manual,minor_paint,silver,2,247.1
Peugeot Pars,2026,60700.0,1.8,petrol,manual,intact,white,4,698.1
Samand,2019,121300.0,1.8,petrol,automatic,accident_repaired,blue,5,225.7
Pride,2024,56200.0,1.3,petrol,automatic,intact,white,2,326.3
Dena,2018,188800.0,1.7,petrol,manual,intact,blue,1,517.0
Rana,2010,303000.0,1.6,petrol,MANUAL,minor_paint,black,2,209.5
Pride,2018,143300.0,1.3,petrol,manual,intact,red,5,154.0
Quik,2008,321200.0,1.5,petrol_lpg,manual,intact,silver,1,137.3
Quik,2016,150500.0,1.5,petrol,manual,intact,white,1,267.8
Peugeot Pars,2025,60200.0,1.8,petrol,manual,accident_repaired,silver,4,416.0
Samand,2011,301400.0,1.8,petrol,automatic,,white,1,189.1
Shahin,2011,255000.0,1.5,petrol,automatic,major_paint,white,1,377.2
Shahin,2014,184400.0,1.5,petrol,manual,minor_paint,silver,2,501.3
Peugeot 206,2018,119300.0,1.4,petrol,manual,intact, white ,4,428.7
Peugeot 206,2023,51100.0,1.4,petrol,automatic,intact,red,5,602.3
Quik,2014,258900.0,1.5,petrol,manual,accident_repaired,blue,2,121.8
Peugeot Pars,2019,124400.0,1.8,petrol_lpg,manual,minor_paint,black,3,409.3
Rana,2017,151300.0,1.6,petrol,manual,minor_paint,red,3,328.4
Tiba,2020,144900.0,1.5,petrol,automatic,intact,silver,2,286.1
Shahin,2019,117600.0,1.5,petrol,manual,minor_paint,red,5,502.8
Samand,2010,312900.0,1.8,petrol,automatic,intact, grey ,5,191.7
Toyota Corolla,2007,378800.0,1.8,petrol_lpg,automatic,intact,white,2,1102.9
Tiba,2017,151400.0,1.5,petrol,manual,,black,1,154.3
Pride,2009,273100.0,1.3,petrol,manual,minor_paint,blue,1,89.2
Pride,2020,142000.0,1.3,petrol,manual,intact,black,1,202.5
Dena,2015,164400.0,1.7,petrol,manual,minor_paint,blue,4,428.8
Peugeot Pars,2022,43900.0,1.8,petrol,manual,intact,black,2,613.6
Samand,2014,249000.0,1.8,petrol,automatic,intact,black,5,257.7
Kia Cerato,2011,270400.0,2.0,petrol,manual,minor_paint, grey ,5,947.3
Peugeot Pars,2016,193000.0,1.8,petrol,manual,intact,white,5,369.4
Rana,2014,269000.0,1.6,petrol_lpg,automatic,intact,silver,4,302.1
Hyundai Accent,2026,0.0,1.6,petrol,AUTOMATIC,minor_paint,grey,2,2511.4
Shahin,2010,332300.0,1.5,petrol,manual,accident_repaired,red,2,191.4
Pride,2016,208700.0,1.3,petrol,manual,intact,white,1,151.2
Dena,2020,110700.0,1.7,petrol,manual,minor_paint,black,1,516.8
Hyundai Accent,2013,224000.0,1.6,petrol,manual,major_paint,silver,1,984.8
Tiba,2016,164900.0,1.5,petrol_lpg,automatic,intact,grey,5,195.5
Toyota Corolla,2011,265900.0,1.8,petrol,manual,minor_paint,black,1,1249.7
Dena,2020,166600.0,1.7,petrol_lpg,automatic,major_paint,black,5,535.9
Shahin,2023,55600.0,1.5,petrol,automatic,intact,white,3,847.7
Hyundai Accent,2005,434000.0,1.6,petrol,manual,intact,black,2,554.2
Hyundai Accent,2017,130000.0,1.6,petrol_lpg,MANUAL,intact,white,3,1581.3
Pride,2005,391100.0,1.3,petrol_lpg,manual,minor_paint,silver,1,60.0
Quik,2008,361200.0,1.5,petrol_lpg,manual,intact,grey,2,122.5
Samand,2009,289600.0,1.8,petrol,manual,minor_paint,grey,2,137.9
Shahin,2023,78100.0,1.5,petrol,automatic,major_paint,white,4,677.0
Kia Cerato,2023,110400.0,2.0,petrol,automatic,,white,2,2310.8
Quik,2014,273300.0,1.5,petrol,automatic,major_paint,blue,5,150.2
Quik,2018,159900.0,1.5,petrol_lpg,manual,intact,blue,4,245.6
Rana,2017,198000.0,1.6,petrol,automatic,minor_paint,white,4,404.7
Rana,2019,107000.0,1.6,petrol,manual,minor_paint,silver,2,388.5
Dena,2015,263700.0,1.7,petrol,manual,accident_repaired, silver ,5,271.9
Dena,2017,,1.7,petrol,manual,major_paint,white,5,453.7
Dena,2012,229100.0,1.7,petrol,manual,major_paint,white,5,342.6
Samand,2011,313200.0,1.8,petrol,manual,major_paint,grey,5,136.3
Peugeot Pars,2026,,1.8,petrol_lpg,manual,intact,silver,3,662.9
Kia Cerato,2008,336500.0,2.0,petrol,automatic,intact,red,3,1068.1
Dena,2006,405600.0,1.7,petrol,manual,minor_paint,blue,4,205.2
Samand,2023,67200.0,1.8,petrol_lpg,automatic,intact,black,5,551.2
Peugeot 206,2015,153700.0,1.4,petrol,automatic,accident_repaired,blue,3,259.6
Toyota Corolla,2008,340500.0,1.8,petrol_lpg,automatic,major_paint,silver,3,1007.8
Peugeot 206,2026,33600.0,1.4,petrol_lpg,automatic,major_paint,blue,1,555.2
Kia Cerato,2025,0.0,2.0,petrol,manual,intact,silver,1,2628.4
Samand,2018,131400.0,1.8,petrol,manual,minor_paint, white ,5,330.7
Samand,2018,161500.0,1.8,petrol,manual,intact, white ,3,337.2
Dena,2022,55900.0,1.7,petrol,automatic,minor_paint,black,4,824.4
Peugeot 206,2017,165700.0,1.4,petrol_lpg,manual,intact,silver,1,373.2
Peugeot Pars,2025,28100.0,1.8,petrol,manual,accident_repaired,silver,5,416.5
Samand,2011,324200.0,1.8,petrol,manual,major_paint,blue,3,135.5
Samand,2023,31900.0,1.8,petrol,manual,minor_paint, red ,3,502.1
Samand,2017,140400.0,1.8,petrol,automatic,intact,white,3,420.4
Pride,2018,135900.0,1.3,petrol_lpg,MANUAL,minor_paint,white,2,143.9
Toyota Corolla,2011,299800.0,1.8,petrol,manual,major_paint,blue,2,1210.4
Dena,2018,179600.0,1.7,petrol,manual,intact,white,2,552.9
Kia Cerato,2019,150600.0,2.0,petrol,manual,intact,white,5,1794.8
Toyota Corolla,2007,333600.0,1.8,petrol,automatic,major_paint,black,4,868.6
Peugeot Pars,2012,282100.0,1.8,petrol,manual,minor_paint,silver,2,257.3
Quik,2015,201700.0,1.5,petrol,automatic,accident_repaired,grey,5,150.5
Shahin,2013,284100.0,1.5,petrol,manual,intact,black,2,391.8
Hyundai Accent,2025,42900.0,1.6,petrol,manual,intact,silver,1,2419.9
Tiba,2006,444500.0,1.5,petrol,manual,intact,black,4,79.0
Peugeot 206,2005,377300.0,1.4,petrol,manual,minor_paint,white,2,149.6
Tiba,2005,407000.0,1.5,petrol,manual,intact,silver,5,74.1
Pride,2017,118600.0,1.3,petrol_lpg,manual,accident_repaired,red,1,98.6
Dena,2015,209300.0,1.7,petrol,manual,major_paint,white,2,378.8
Hyundai Accent,2023,68400.0,1.6,petrol,automatic,minor_paint, black ,5,1897.9
Tiba,2025,,1.5,petrol,automatic,,black,5,367.8
Kia Cerato,2012,267200.0,2.0,petrol,manual,intact,grey,2,1247.7
Peugeot 206,2010,323900.0,1.4,petrol,manual,intact,black,2,232.4
Samand,2017,146600.0,1.8,petrol,manual,intact,blue,2,288.4
Toyota Corolla,2011,221200.0,1.8,petrol_lpg,manual,intact,white,2,1372.1
Peugeot 206,2005,356500.0,1.4,petrol,manual,intact,black,1,168.7
Toyota Corolla,2010,304600.0,1.8,petrol,manual,intact,red,1,1082.1
Rana,2008,,1.6,petrol,manual,intact,silver,4,205.7
Hyundai Accent,2013,257700.0,1.6,petrol,MANUAL,minor_paint,silver,4,1032.8
Dena,2008,293700.0,1.7,petrol_lpg,manual,intact,silver,5,284.7
Pride,2026,29400.0,1.3,petrol_lpg,manual,major_paint,silver,1,241.7
Rana,2012,263800.0,1.6,petrol,manual,major_paint, blue ,2,228.5
Hyundai Accent,2015,237400.0,1.6,petrol_lpg,manual,major_paint,silver,2,881.2
Shahin,2020,102500.0,1.5,petrol,automatic,minor_paint,grey,3,655.7
Pride,2008,320900.0,1.3,petrol_lpg,automatic,minor_paint, white ,5,73.0
Peugeot 206,2013,231500.0,1.4,petrol,manual,intact,grey,1,272.4
Quik,2023,75100.0,1.5,petrol,manual,intact,white,4,395.3
Rana,2008,301300.0,1.6,petrol,manual,intact,grey,3,193.2
Shahin,2009,302200.0,1.5,petrol,manual,minor_paint,blue,1,315.0
Kia Cerato,2017,179400.0,2.0,petrol,automatic,minor_paint,black,1,1635.0
Pride,2008,393300.0,1.3,petrol,manual,major_paint,silver,3,60.0
Peugeot 206,2023,63600.0,1.4,petrol_lpg,manual,major_paint,black,1,442.0
Shahin,2015,,1.5,petrol,manual,major_paint,blue,5,381.2
Quik,2006,390200.0,1.5,petrol_lpg,automatic,minor_paint,silver,1,117.5
Samand,2012,252300.0,1.8,petrol,manual,intact,white,2,223.0
Tiba,2020,124000.0,1.5,petrol,manual,minor_paint,red,4,233.1
Pride,2020,131800.0,1.3,petrol,manual,minor_paint, blue ,1,202.5
Dena,2022,122800.0,1.7,petrol_lpg,manual,minor_paint,blue,4,565.7
Toyota Corolla,2018,135100.0,1.8,petrol,manual,accident_repaired,grey,2,1199.2
Kia Cerato,2020,126100.0,2.0,petrol,automatic,intact,black,3,2365.1
Kia Cerato,2008,278200.0,2.0,petrol,MANUAL,intact,white,5,968.5
Quik,2023,,1.5,petrol,automatic,intact,silver,3,397.2
Kia Cerato,2015,168800.0,2.0,petrol,manual,,blue,4,1295.1
Peugeot Pars,2021,71300.0,1.8,petrol_lpg,MANUAL,minor_paint,white,1,536.8
Tiba,2007,345600.0,1.5,petrol,manual,intact,silver,5,97.6
Hyundai Accent,2022,59000.0,1.6,petrol,MANUAL,accident_repaired,white,5,1126.3
Shahin,2005,348100.0,1.5,petrol,automatic,intact,silver,5,293.7
Samand,2006,419000.0,1.8,petrol,manual,intact,white,4,136.4
Hyundai Accent,2015,227600.0,1.6,petrol,automatic,minor_paint,silver,2,1188.9
Peugeot 206,2012,247200.0,1.4,petrol_lpg,automatic,minor_paint,grey,4,282.0
Tiba,2020,176500.0,1.5,petrol,manual,intact,silver,3,244.8
Rana,2010,268300.0,1.6,petrol_lpg,manual,intact,silver,1,219.7
Quik,2015,188000.0,1.5,petrol_lpg,manual,intact,white,5,209.8
Hyundai Accent,2008,343700.0,1.6,petrol,manual,accident_repaired,white,3,514.2
Shahin,2008,,1.5,petrol_lpg,manual,intact,white,1,310.7
Peugeot 206,2016,182500.0,1.4,petrol,manual,major_paint,white,4,274.2
Hyundai Accent,2019,,1.6,petrol,manual,accident_repaired,blue,5,966.8
Pride,2023,37500.0,1.3,petrol,automatic,minor_paint,white,5,231.5
Shahin,2007,343900.0,1.5,petrol_lpg,manual,major_paint,white,2,227.6
Toyota Corolla,2023,39700.0,1.8,petrol,manual,intact,silver,5,2502.5
Pride,2019,127500.0,1.3,petrol,manual,intact,black,5,176.3
Quik,2016,213300.0,1.5,petrol,manual,minor_paint,black,5,209.1
Shahin,2014,211900.0,1.5,petrol,automatic,minor_paint,white,5,471.4
Hyundai Accent,2023,78100.0,1.6,petrol_lpg,manual,minor_paint,grey,2,1520.7
Samand,2022,103100.0,1.8,petrol,automatic,intact,white,3,483.9
Kia Cerato,2017,132000.0,2.0,petrol,automatic,minor_paint,white,1,1753.3
Dena,2009,295600.0,1.7,petrol,automatic,minor_paint, silver ,3,288.9
Shahin,2020,140100.0,1.5,petrol,manual,intact,white,1,762.5
Toyota Corolla,2010,262200.0,1.8,petrol,manual,minor_paint, white ,2,1313.0
Kia Cerato,2025,2700.0,2.0,petrol,manual,intact,white,4,2497.3
Tiba,2023,75300.0,1.5,petrol,manual,intact,white,4,341.0
Samand,2010,281500.0,1.8,petrol,automatic,intact,black,1,228.0
Hyundai Accent,2013,257600.0,1.6,petrol,automatic,minor_paint,red,2,1055.6
Quik,2024,101700.0,1.5,petrol,manual,minor_paint,black,5,360.0
Rana,2015,220800.0,1.6,petrol,manual,intact, white ,2,304.5
Peugeot 206,2024,33200.0,1.4,petrol_lpg,manual,minor_paint,silver,2,621.4
Shahin,2013,235600.0,1.5,petrol,manual,accident_repaired,white,4,262.1
Kia Cerato,2014,236600000.0,2.0,petrol,manual,minor_paint,grey,1,1258.9
Peugeot 206,2016,194500.0,1.4,petrol,automatic,minor_paint,blue,2,363.2
Kia Cerato,2020,129100.0,2.0,petrol,manual,,black,3,1172.4
Samand,2014,251600.0,1.8,petrol,manual,minor_paint,black,1,241.2
Hyundai Accent,2019,140500.0,1.6,petrol_lpg,manual,minor_paint,blue,1,1336.9
Samand,2021,88600.0,1.8,petrol,manual,major_paint, black ,3,345.0
Rana,2010,276900.0,1.6,petrol,manual,minor_paint,black,4,241.6
Quik,2023,48200.0,1.5,petrol_lpg,manual,minor_paint,silver,4,309.8
Rana,2008,365000.0,1.6,petrol,manual,major_paint,white,1,173.7
Kia Cerato,2025,500.0,2.0,petrol_lpg,manual,major_paint,red,3,1761.0
Tiba,2014,210800.0,1.5,petrol_lpg,automatic,major_paint, white ,4,146.2
Toyota Corolla,2015,200600.0,1.8,petrol_lpg,manual,minor_paint,white,2,1432.1
Peugeot Pars,2022,124000.0,1.8,petrol,manual,intact,black,1,579.3
Hyundai Accent,2015,217400.0,1.6,petrol,automatic,intact,silver,2,1286.6
Tiba,2007,382600.0,1.5,petrol,manual,intact,grey,2,87.4
Pride,2015,177900.0,1.3,petrol,automatic,minor_paint, silver ,3,152.5
Toyota Corolla,2021,70100.0,1.8,petrol,manual,minor_paint,blue,2,2272.5
Toyota Corolla,2011,,1.8,petrol,manual,intact,grey,1,1365.1
Tiba,2023,65200.0,1.5,petrol,manual,intact,blue,2,317.6
Tiba,2012,284900.0,1.5,petrol,automatic,intact,silver,5,155.2
Kia Cerato,2019,134100.0,2.0,petrol_lpg,manual,minor_paint,silver,1,1724.2
Quik,2015,212100.0,1.5,petrol,manual,major_paint,silver,1,197.0
Samand,2006,348100.0,1.8,petrol,manual,intact,red,4,125.3
Hyundai Accent,2008,324800.0,1.6,petrol_lpg,manual,minor_paint,white,2,701.8
Quik,2005,420300.0,1.5,petrol,automatic,minor_paint,blue,1,95.4
Pride,2022,52200.0,1.3,petrol_lpg,manual,intact,blue,2,186.1
Tiba,2014,160000.0,1.5,petrol_lpg,manual,accident_repaired,white,3,122.4
Shahin,2020,112800.0,1.5,petrol,manual,intact,black,2,700.9
Pride,2016,236300.0,1.3,petrol,automatic,minor_paint,white,5,126.5
Shahin,2009,280700.0,1.5,petrol,manual,,blue,3,356.3
Tiba,2023,63400.0,1.5,petrol,manual,minor_paint,blue,2,311.0
Quik,2014,,1.5,petrol,manual,intact,white,2,259.8
Pride,2013,220700.0,1.3,petrol_lpg,manual,accident_repaired,silver,2,69.4
Peugeot Pars,2007,336200.0,1.8,petrol,manual,minor_paint,white,1,205.2
Pride,2023,48900.0,1.3,petrol_lpg,manual,intact,black,5,226.0
Dena,2023,86100.0,1.7,petrol_lpg,MANUAL,intact,grey,4,646.8
Rana,2013,211100.0,1.6,petrol,manual,intact,white,4,319.4
Pride,2026,13800.0,1.3,petrol,manual,intact,silver,4,269.0
Quik,2025,0.0,1.5,petrol_lpg,automatic,minor_paint,blue,1,477.7
Peugeot 206,2014,,1.4,petrol,manual,intact,white,1,278.6
Peugeot 206,2018,174400.0,1.4,petrol_lpg,manual,intact,black,1,369.3
Tiba,2021,92400.0,1.5,petrol,manual,accident_repaired,white,3,194.7
Rana,2015,231300.0,1.6,petrol,manual,intact,blue,4,283.5
Pride,2017,164000.0,1.3,petrol,automatic,major_paint,silver,1,147.9
Samand,2018,155700.0,1.8,petrol,automatic,minor_paint,silver,1,343.0
Kia Cerato,2020,108600.0,2.0,petrol_lpg,manual,accident_repaired,white,4,1082.3
Dena,2011,292900.0,1.7,petrol,manual,major_paint,black,1,271.7
Toyota Corolla,2010,310600.0,1.8,petrol,manual,minor_paint,black,3,1184.9
Pride,2006,381800.0,1.3,petrol_lpg,manual,intact,red,5,60.0
Toyota Corolla,2008,282200.0,1.8,petrol,automatic,accident_repaired,grey,3,818.6
Kia Cerato,2005,384700.0,2.0,petrol_lpg,automatic,major_paint,blue,5,632.7
Kia Cerato,2016,,2.0,petrol,manual,minor_paint,black,4,1385.7
Quik,2019,79500.0,1.5,petrol,manual,intact,white,4,358.3
Tiba,2026,0.0,1.5,petrol,automatic,major_paint,black,4,371.5
Quik,2012,280200.0,1.5,petrol_lpg,manual,major_paint,grey,4,128.6
Hyundai Accent,2014,229100.0,1.6,petrol,manual,intact,white,3,1015.8
Quik,2014,241900.0,1.5,petrol,automatic,minor_paint,black,3,205.1
Peugeot 206,2023,33400.0,1.4,petrol_lpg,automatic,intact, grey ,3,644.6
Tiba,2026,0.0,1.5,petrol,manual,intact,white,5,428.5
Pride,2018,143100.0,1.3,petrol,MANUAL,major_paint,white,1,156.4
Samand,2010,292300.0,1.8,petrol,automatic,accident_repaired,grey,2,136.0
Dena,2009,335700.0,1.7,petrol,manual,major_paint,grey,4,226.6
Tiba,2021,103900.0,1.5,petrol_lpg,automatic,intact,red,5,253.0
Samand,2018,176800.0,1.8,petrol,automatic,intact,white,4,398.8
Tiba,2023,47800.0,1.5,petrol,manual,intact, white ,3,319.1
Peugeot 206,2013,222500.0,1.4,petrol_lpg,manual,intact,red,4,260.9
Peugeot Pars,2013,270800.0,1.8,petrol,manual,intact,black,4,255.4
Peugeot 206,2005,404700.0,1.4,petrol,AUTOMATIC,minor_paint,black,5,150.2
Shahin,2011,294800.0,1.5,petrol,automatic,minor_paint,blue,5,308.1
Shahin,2015,196300.0,1.5,petrol,manual,major_paint,white,4,358.5
Shahin,2014,191700.0,1.5,petrol_lpg,automatic,minor_paint,white,5,429.3
Tiba,2005,418600.0,1.5,petrol,manual,minor_paint,white,5,65.3
Tiba,2012,284700.0,1.5,petrol,automatic,minor_paint,black,5,135.8
Peugeot 206,2005,402500.0,1.4,petrol_lpg,manual,major_paint,grey,2,109.3
Toyota Corolla,2013,199300.0,1.8,petrol_lpg,manual,major_paint,black,5,1194.3
Shahin,2005,393700.0,1.5,petrol,manual,accident_repaired,black,2,175.4
Peugeot 206,2008,294900.0,1.4,petrol_lpg,manual,intact,blue,1,191.4
Toyota Corolla,2005,390500.0,1.8,petrol,automatic,major_paint,grey,3,905.4
Peugeot Pars,2024,43900.0,1.8,petrol_lpg,manual,accident_repaired,blue,4,364.4
Tiba,2016,231200.0,1.5,petrol,manual,minor_paint,black,3,176.3
Shahin,2011,282800.0,1.5,petrol,manual,major_paint,grey,4,260.4
Quik,2014,253600.0,1.5,petrol,manual,accident_repaired,grey,4,115.2
Toyota Corolla,2012,258200.0,1.8,petrol,automatic,intact,black,3,1676.0
Tiba,2013,,1.5,petrol,manual,minor_paint,grey,5,140.7
Rana,2019,159300.0,1.6,petrol,manual,intact,red,2,440.1
Hyundai Accent,2005,419100.0,1.6,petrol_lpg,manual,minor_paint,white,2,507.5
Samand,2020,152800.0,1.8,petrol,manual,minor_paint,white,3,361.4
Peugeot 206,2014,259700.0,1.4,petrol,automatic,intact,silver,5,319.2
Shahin,2025,0.0,1.5,petrol,automatic,major_paint,blue,4,806.3
Shahin,2016,177400.0,1.5,petrol,manual,intact,white,3,592.6
Shahin,2022,40500.0,1.5,petrol,automatic,intact,silver,5,851.8
Pride,2007,351200.0,1.3,petrol_lpg,manual,minor_paint,blue,3,60.0
Peugeot Pars,2014,221600.0,1.8,petrol,automatic,minor_paint,white,5,312.1
Peugeot Pars,2016,187400.0,1.8,petrol,automatic,major_paint,black,4,340.0
Shahin,2007,303300.0,1.5,petrol_lpg,AUTOMATIC,major_paint,blue,5,221.2
Peugeot 206,2010,294800.0,1.4,petrol,manual,minor_paint,black,4,190.0
Quik,2005,358900.0,1.5,petrol,manual,intact,black,5,105.9
Kia Cerato,2008,,2.0,petrol,manual,intact,silver,2,987.7
Hyundai Accent,2015,197100.0,1.6,petrol,manual,accident_repaired,white,5,802.2
Samand,2017,151800.0,1.8,petrol_lpg,MANUAL,intact,black,2,312.6
Hyundai Accent,2013,282600.0,1.6,petrol,manual,intact,grey,1,1032.4
Hyundai Accent,2006,314000.0,1.6,petrol,automatic,intact,white,4,666.7
Tiba,2005,379400.0,1.5,petrol,manual,intact,white,2,87.0
Peugeot 206,2026,75000.0,1.4,petrol,manual,minor_paint,black,1,656.1
Dena,2019,144800.0,1.7,petrol,manual,intact,black,2,566.6
Dena,2025,23200.0,1.7,petrol,manual,minor_paint,white,2,793.4
Kia Cerato,2005,382700.0,2.0,petrol,manual,minor_paint,grey,2,636.3
Hyundai Accent,2009,342800.0,1.6,petrol,manual,intact,black,4,824.5
Shahin,2005,444100.0,1.5,petrol,manual,intact,silver,1,208.8
Dena,2007,366000.0,1.7,petrol,manual,minor_paint,silver,3,236.5
Rana,2011,238800.0,1.6,petrol,automatic,intact,white,4,296.0
Tiba,2009,324100.0,1.5,petrol,automatic,major_paint,white,3,93.5
Samand,2011,285600.0,1.8,petrol,manual,accident_repaired,white,4,126.3
Shahin,2008,320400.0,1.5,petrol,manual,minor_paint,grey,1,290.9
Pride,2006,363400.0,1.3,petrol_lpg,manual,accident_repaired,black,5,60.0
Quik,2011,289000.0,1.5,petrol,automatic,minor_paint,black,2,156.8
Dena,2009,309900.0,1.7,petrol,manual,intact,grey,1,316.9
Quik,2011,273500.0,1.5,petrol,manual,minor_paint,black,2,159.0
Shahin,2020,104800.0,1.5,petrol,manual,intact,silver,5,691.8
Shahin,2017,217000.0,1.5,petrol,automatic,minor_paint,silver,2,552.1
Kia Cerato,2015,208100.0,2.0,petrol_lpg,manual,minor_paint,white,4,1024.1
Rana,2006,378100.0,1.6,petrol_lpg,manual,major_paint,white,2,123.4
Quik,2008,360400.0,1.5,petrol,manual,intact,grey,4,125.8
Toyota Corolla,2017,177700.0,1.8,petrol,AUTOMATIC,intact, white ,5,1988.8
Rana,2008,338500.0,1.6,petrol,manual,minor_paint,white,3,193.9
Hyundai Accent,2009,,1.6,petrol_lpg,manual,minor_paint,white,5,804.5
Rana,2012,,1.6,petrol_lpg,automatic,intact,silver,5,287.1
Pride,2021,132000.0,1.3,petrol,MANUAL,minor_paint,blue,1,178.7
Quik,2023,82200.0,1.5,petrol,automatic,minor_paint, red ,5,311.1
Peugeot Pars,2020,141600.0,1.8,petrol,manual,intact, white ,3,497.9
Toyota Corolla,2009,330800000.0,1.8,petrol,manual,intact,grey,5,1073.3
Shahin,2014,262800.0,1.5,petrol,manual,minor_paint,red,1,413.9
Rana,2023,56900.0,1.6,petrol,MANUAL,intact,black,3,610.9
Shahin,2010,281400.0,1.5,petrol,automatic,major_paint,black,1,317.8
Toyota Corolla,2021,93700.0,1.8,petrol,manual,major_paint,white,4,1992.8
Quik,2005,395300.0,1.5,petrol,manual,minor_paint,silver,1,93.1
Hyundai Accent,2021,,1.6,petrol_lpg,manual,minor_paint,grey,5,1392.3
Quik,2020,139800.0,1.5,petrol,MANUAL,minor_paint,silver,5,272.3
Peugeot 206,2019,131000.0,1.4,petrol,automatic,minor_paint,black,4,450.0
Hyundai Accent,2018,144500.0,1.6,petrol,manual,intact,black,4,1500.4
Samand,2023,26600.0,1.8,petrol,automatic,,black,5,518.1
Tiba,2022,77600.0,1.5,petrol_lpg,manual,intact,white,1,300.4
Pride,2015,196900.0,1.3,petrol,manual,intact,white,1,134.1
Peugeot Pars,2017,148600.0,1.8,petrol_lpg,automatic,major_paint, red ,2,335.6
Quik,2011,276900.0,1.5,petrol,automatic,major_paint,black,1,150.1
Shahin,2011,296700.0,1.5,petrol,manual,major_paint,silver,3,296.0
Pride,2011,264100.0,1.3,petrol_lpg,automatic,major_paint,blue,5,72.8
Shahin,2005,378300.0,1.5,petrol,manual,major_paint,silver,2,207.8
Quik,2008,328500.0,1.5,petrol_lpg,manual,major_paint,white,4,106.5
Quik,2018,150900.0,1.5,petrol_lpg,manual,major_paint,blue,1,225.5
Tiba,2024,42900.0,1.5,petrol,manual,minor_paint,silver,2,349.9
Dena,2010,277800.0,1.7,petrol,MANUAL,minor_paint,grey,1,336.5
Dena,2011,273700.0,1.7,petrol,manual,intact,black,4,375.2
Toyota Corolla,2026,3000.0,1.8,petrol_lpg,automatic,accident_repaired,grey,1,2044.7
Peugeot 206,2021,86900.0,1.4,petrol,manual,minor_paint,white,2,446.3
Toyota Corolla,2005,411900.0,1.8,petrol,manual,minor_paint,blue,3,799.4
Dena,2019,,1.7,petrol_lpg,manual,intact,white,4,486.8
Peugeot Pars,2019,110200.0,1.8,petrol,manual,intact,black,3,513.5
Hyundai Accent,2015,186700.0,1.6,petrol,manual,intact,blue,2,1189.0
Samand,2013,242900.0,1.8,petrol,manual,major_paint,silver,5,181.6
Dena,2025,45100.0,1.7,petrol,automatic,intact,blue,1,916.0
Shahin,2018,170200.0,1.5,petrol,automatic,accident_repaired,grey,3,435.5
Peugeot Pars,2011,294100.0,1.8,petrol,automatic,intact,silver,2,299.0
Pride,2018,128800.0,1.3,petrol,automatic,major_paint,white,3,167.5
Kia Cerato,2018,134200.0,2.0,petrol,automatic,minor_paint,black,1,2076.0
Toyota Corolla,2013,251100.0,1.8,petrol,manual,intact,white,1,1498.7
Kia Cerato,2016,179600.0,2.0,petrol,automatic,intact, silver ,2,1651.1
Shahin,2026,0.0,1.5,petrol,AUTOMATIC,minor_paint,red,4,886.0
Hyundai Accent,2008,320500.0,1.6,petrol,manual,minor_paint,silver,2,692.7
Peugeot 206,2009,325300.0,1.4,petrol_lpg,automatic,intact,black,2,214.8
Peugeot 206,2012,281800.0,1.4,petrol,manual,minor_paint,black,3,216.7
Quik,2024,66800.0,1.5,petrol,manual,major_paint,white,4,360.1
Dena,2019,156700.0,1.7,petrol,manual,minor_paint,white,4,495.1
Quik,2022,42500.0,1.5,petrol,manual,minor_paint,red,5,321.4
Samand,2023,62500.0,1.8,petrol,manual,intact,black,1,511.6
Samand,2026,14000.0,1.8,petrol,manual,,silver,4,613.6
Shahin,2005,366300.0,1.5,petrol,automatic,intact,white,4,273.6
Quik,2020,133300.0,1.5,petrol_lpg,manual,intact,white,4,313.9
Hyundai Accent,2024,8400000.0,1.6,petrol,manual,intact,black,2,2050.0
Kia Cerato,2019,141500.0,2.0,petrol_lpg,manual,intact,black,4,1634.2
Samand,2012,299800.0,1.8,petrol,manual,intact,blue,3,184.4
Dena,2022,64200.0,1.7,petrol,automatic,major_paint,black,3,723.4
Toyota Corolla,2016,186100.0,1.8,petrol_lpg,manual,intact,white,1,1651.2
Hyundai Accent,2017,189300.0,1.6,petrol,manual,major_paint,white,3,940.9
Rana,2018,131700.0,1.6,petrol_lpg,manual,intact,silver,3,395.6
Samand,2017,149900.0,1.8,petrol,manual,intact,blue,4,248.5
Pride,2005,355800.0,1.3,petrol_lpg,manual,intact,silver,1,65.0
Peugeot 206,2025,67300.0,1.4,petrol,manual,minor_paint,white,5,564.9
Kia Cerato,2019,153700.0,2.0,petrol,manual,major_paint,white,4,1406.7
Kia Cerato,2021,72500.0,2.0,petrol_lpg,manual,intact,white,4,1955.9
Hyundai Accent,2009,310800.0,1.6,petrol,manual,intact,white,2,846.0
Dena,2019,135700.0,1.7,petrol,manual,intact,silver,3,570.4
Dena,2017,,1.7,petrol,manual,intact,white,5,475.2
Dena,2011,259500.0,1.7,petrol,manual,intact,blue,3,329.8
Samand,2014,,1.8,petrol,manual,intact,white,3,259.8
Rana,2025,,1.6,petrol,manual,intact,white,3,522.0
Rana,2017,156300.0,1.6,petrol,manual,intact,grey,2,417.4
Tiba,2009,337800.0,1.5,petrol,manual,minor_paint,black,3,87.3
Pride,2024,75600.0,1.3,petrol,manual,minor_paint,white,2,211.9
Peugeot Pars,2012,206900.0,1.8,petrol,MANUAL,intact,grey,2,292.7
Dena,2022,111500.0,1.7,petrol,manual,minor_paint,silver,3,661.0
Quik,2014,202900.0,1.5,petrol,automatic,intact,blue,4,222.2
Kia Cerato,2023,43800.0,2.0,petrol,manual,minor_paint,black,1,2243.6
Quik,2017,127700.0,1.5,petrol_lpg,manual,major_paint,red,2,213.3
Toyota Corolla,2012,271700.0,1.8,petrol,automatic,major_paint,silver,1,1242.9
Hyundai Accent,2026,,1.6,petrol,manual,minor_paint,grey,4,1937.4
Shahin,2007,356700.0,1.5,petrol,manual,accident_repaired,red,1,175.2
Pride,2021,91700.0,1.3,petrol,AUTOMATIC,intact,white,2,221.5
Samand,2007,316900.0,1.8,petrol,manual,intact,silver,4,155.2
Toyota Corolla,2009,299700.0,1.8,petrol_lpg,MANUAL,minor_paint, silver ,5,1008.7
Toyota Corolla,2010,307400.0,1.8,petrol,manual,major_paint, silver ,3,961.0
Peugeot 206,2011,257900.0,1.4,petrol,automatic,minor_paint,grey,5,230.1
Rana,2021,109600.0,1.6,petrol_lpg,manual,minor_paint,silver,1,442.6
Tiba,2015,197100.0,1.5,petrol_lpg,automatic,intact,silver,2,171.9
Peugeot Pars,2011,266100.0,1.8,petrol_lpg,manual,intact,black,1,246.3
Peugeot 206,2015,223100.0,1.4,petrol,manual,intact, grey ,4,272.0
Peugeot 206,2018,177700.0,1.4,petrol_lpg,manual,minor_paint,grey,3,287.2
Hyundai Accent,2026,0.0,1.6,petrol,manual,intact,white,2,2515.3
Hyundai Accent,2011,260700.0,1.6,petrol,automatic,minor_paint,white,1,892.7
Pride,2021,98000.0,1.3,petrol_lpg,manual,intact,silver,5,184.7
Shahin,2017,180700.0,1.5,petrol,automatic,major_paint,grey,3,450.2
Kia Cerato,2014,156000.0,2.0,petrol,manual,accident_repaired,white,3,994.1
Pride,2024,22000.0,1.3,petrol,manual,intact,white,1,306.9
Quik,2024,,1.5,petrol,manual,accident_repaired,black,1,302.0
Rana,2012,237700.0,1.6,petrol,manual,minor_paint,white,5,230.7
Samand,2022,135900.0,1.8,petrol,automatic,major_paint,blue,2,358.8
Shahin,2013,227400.0,1.5,petrol,automatic,intact,silver,4,485.1
Samand,2009,323900.0,1.8,petrol,manual,intact,silver,5,146.6
Peugeot 206,2010,,1.4,petrol,MANUAL,intact,white,5,213.3
Kia Cerato,2005,412500.0,2.0,petrol,manual,intact,grey,5,647.8
Quik,2007,375800.0,1.5,petrol,AUTOMATIC,intact,red,1,133.6
Pride,2024,,1.3,petrol_lpg,manual,intact,red,3,248.6
Hyundai Accent,2008,324300.0,1.6,petrol_lpg,automatic,intact,black,1,824.8
Shahin,2014,261500.0,1.5,petrol_lpg,automatic,minor_paint,white,1,461.6
Pride,2009,326000.0,1.3,petrol,manual,minor_paint,blue,5,65.4
Samand,2015,177200.0,1.8,petrol,manual,minor_paint,silver,3,258.5
Quik,2020,123500.0,1.5,petrol,manual,intact,black,3,365.0
Samand,2010,282800.0,1.8,petrol_lpg,manual,intact,white,5,176.5
Quik,2009,294900.0,1.5,petrol,automatic,intact,white,1,172.1
Hyundai Accent,2024,84300.0,1.6,petrol,manual,intact,blue,5,1967.2
Hyundai Accent,2008,,1.6,petrol,MANUAL,minor_paint,grey,3,671.0
Samand,2024,94000.0,1.8,petrol,manual,intact,grey,2,527.8
Samand,2021,119500.0,1.8,petrol,automatic,accident_repaired,blue,1,290.5
Rana,2016,210300.0,1.6,petrol,manual,minor_paint,silver,1,301.3
Pride,2014,236600.0,1.3,petrol,MANUAL,intact,silver,5,106.1
Kia Cerato,2005,406400.0,2.0,petrol_lpg,manual,intact,grey,1,720.3
Peugeot Pars,2015,218500.0,1.8,petrol,manual,minor_paint, silver ,5,298.4
Rana,2024,33500000.0,1.6,petrol,manual,accident_repaired,blue,4,380.0
Quik,2008,351100.0,1.5,petrol,automatic,,red,1,100.1
Rana,2005,398200000.0,1.6,petrol,automatic,major_paint,silver,5,123.5
Peugeot 206,2024,67600.0,1.4,petrol,manual,intact, white ,4,640.4
Peugeot Pars,2020,114300.0,1.8,petrol_lpg,manual,intact, white ,1,503.7
Tiba,2024,45700.0,1.5,petrol,manual,minor_paint,silver,2,342.0
Quik,2020,150200.0,1.5,petrol,manual,intact,grey,3,277.5
Samand,2024,50800.0,1.8,petrol,automatic,intact,blue,5,526.1
Toyota Corolla,2007,314200.0,1.8,petrol,manual,intact, silver ,5,1016.7
Shahin,2009,295300.0,1.5,petrol,manual,intact,silver,4,288.9
Dena,2019,137000.0,1.7,petrol_lpg,manual,minor_paint,blue,3,448.8
Kia Cerato,2026,0.0,2.0,petrol,manual,intact,black,1,2885.0
Quik,2009,277900.0,1.5,petrol_lpg,manual,minor_paint,silver,1,146.0
Peugeot 206,2010,307800.0,1.4,petrol,manual,intact,grey,5,174.2
Dena,2009,295800.0,1.7,petrol_lpg,manual,major_paint,blue,4,198.2
Quik,2021,77200.0,1.5,petrol,manual,minor_paint,silver,1,320.4
Samand,2018,154100.0,1.8,petrol,manual,intact,grey,2,358.7
Peugeot Pars,2021,100700.0,1.8,petrol,manual,minor_paint,black,1,552.4
Kia Cerato,2014,240300.0,2.0,petrol,MANUAL,intact,black,4,1174.8
Shahin,2025,14700.0,1.5,petrol,automatic,intact,grey,5,1029.4
Rana,2015,167400.0,1.6,petrol,manual,minor_paint,red,5,267.4
Kia Cerato,2023,99000.0,2.0,petrol_lpg,automatic,minor_paint,white,3,2220.2
Samand,2013,219100.0,1.8,petrol,manual,minor_paint, grey ,5,194.9
Peugeot Pars,2014,198600.0,1.8,petrol,manual,intact,black,5,346.0
Shahin,2019,122800.0,1.5,petrol,manual,minor_paint,black,2,683.7
Shahin,2016,193400.0,1.5,petrol,manual,minor_paint,white,3,457.1
Peugeot Pars,2012,264500.0,1.8,petrol,manual,minor_paint,white,5,257.6
Peugeot Pars,2011,303100.0,1.8,petrol_lpg,manual,minor_paint,white,5,242.1
Samand,2015,216900.0,1.8,petrol_lpg,manual,intact,white,3,271.6
Kia Cerato,2014,242700.0,2.0,petrol,manual,intact,black,3,1227.7
Samand,2022,,1.8,petrol,manual,intact,blue,5,389.6
Samand,2007,341800.0,1.8,petrol_lpg,manual,intact,black,4,143.1
Quik,2016,189500.0,1.5,petrol,manual,minor_paint, white ,2,252.9
Peugeot Pars,2021,106100.0,1.8,petrol,automatic,accident_repaired,black,4,386.8
Hyundai Accent,2024,42300.0,1.6,petrol,automatic,minor_paint,blue,5,1866.3
Samand,2005,387100.0,1.8,petrol,manual,intact,black,1,133.8
Tiba,2019,158200.0,1.5,petrol,manual,accident_repaired,grey,5,147.1
Samand,2015,207900.0,1.8,petrol,manual,minor_paint,white,5,249.8
Hyundai Accent,2006,366500.0,1.6,petrol,AUTOMATIC,intact,silver,3,894.7
Toyota Corolla,2021,91600.0,1.8,petrol,automatic,intact,black,3,2618.7
Dena,2006,386900.0,1.7,petrol,manual,intact,silver,3,252.6
Quik,2014,225600000.0,1.5,petrol,manual,minor_paint,black,1,175.0
Pride,2025,19700.0,1.3,petrol,manual,major_paint,white,3,246.2
Rana,2026,0.0,1.6,petrol,MANUAL,major_paint,white,5,571.3
Pride,2007,372500.0,1.3,petrol_lpg,manual,, grey ,2,62.3
Kia Cerato,2016,188000.0,2.0,petrol,automatic,minor_paint,silver,2,1468.1
Toyota Corolla,2011,294900.0,1.8,petrol_lpg,manual,major_paint,red,2,920.0
Samand,2025,40800.0,1.8,petrol,manual,major_paint,grey,1,475.9
Peugeot 206,2012,236100.0,1.4,petrol,automatic,intact,black,2,305.6
Dena,2012,272800.0,1.7,petrol_lpg,manual,intact,silver,1,355.6
Dena,2025,2200.0,1.7,petrol,manual,major_paint,black,3,675.7
Hyundai Accent,2023,79000.0,1.6,petrol,manual,intact,white,2,1876.1
Kia Cerato,2014,214100.0,2.0,petrol_lpg,AUTOMATIC,minor_paint,white,1,1281.4
Hyundai Accent,2024,7900.0,1.6,petrol,manual,intact,blue,3,1837.4
Kia Cerato,2017,187500.0,2.0,petrol,automatic,minor_paint,black,1,1711.5
Quik,2013,221700.0,1.5,petrol,automatic,intact,black,3,235.2
Quik,2023,73100.0,1.5,petrol_lpg,manual,major_paint,blue,5,281.4
Pride,2016,219800000.0,1.3,petrol,manual,intact,black,4,157.8
Samand,2017,137400.0,1.8,petrol,automatic,accident_repaired,blue,3,259.8
Tiba,2016,203900.0,1.5,petrol,manual,,silver,2,153.9
Kia Cerato,2018,93900.0,2.0,petrol_lpg,automatic,minor_paint,white,5,1637.0
Pride,2006,357100.0,1.3,petrol,manual,accident_repaired,blue,4,60.0
Quik,2018,154700.0,1.5,petrol,manual,accident_repaired,blue,5,179.9
Dena,2016,184300.0,1.7,petrol,manual,minor_paint,white,4,379.7
Pride,2019,129700.0,1.3,petrol,manual,major_paint,blue,2,135.6
Rana,2015,201000.0,1.6,petrol,automatic,intact,black,3,414.0
Dena,2015,,1.7,petrol,manual,intact,black,1,488.3
Toyota Corolla,2015,266400.0,1.8,petrol_lpg,manual,accident_repaired,silver,5,907.8
Kia Cerato,2024,28800.0,2.0,petrol_lpg,manual,intact,red,1,2175.3
Peugeot Pars,2005,385700.0,1.8,petrol,manual,intact,silver,5,155.1
Quik,2022,92100.0,1.5,petrol_lpg,automatic,intact,blue,1,371.7
Toyota Corolla,2011,,1.8,petrol,automatic,minor_paint,silver,2,1375.9
Shahin,2020,77900.0,1.5,petrol_lpg,manual,intact,white,4,694.4
Peugeot Pars,2012,282100.0,1.8,petrol,manual,minor_paint,silver,2,257.3
Peugeot Pars,2008,367800.0,1.8,petrol_lpg,manual,minor_paint,grey,3,186.0
Dena,2009,290400.0,1.7,petrol,manual,intact,blue,5,287.1
Hyundai Accent,2025,0.0,1.6,petrol,manual,intact,grey,3,1945.5
Quik,2008,326000.0,1.5,petrol,automatic,intact,black,3,168.3
Quik,2018,150700.0,1.5,petrol,manual,intact,blue,5,228.2
Peugeot 206,2017,174300.0,1.4,petrol,manual,intact,white,4,378.5
Hyundai Accent,2007,332500.0,1.6,petrol,manual,,red,3,651.0
Samand,2012,240900.0,1.8,petrol,automatic,minor_paint,grey,4,208.9
Dena,2021,97200.0,1.7,petrol,AUTOMATIC,major_paint,black,5,576.9
Peugeot Pars,2014,208000.0,1.8,petrol,manual,intact,silver,1,360.3
Dena,2009,325200.0,1.7,petrol,manual,major_paint,white,3,255.6
Tiba,2025,0.0,1.5,petrol,manual,accident_repaired, red ,3,270.4
Hyundai Accent,2016,211500.0,1.6,petrol,manual,intact,black,2,1185.0
Rana,2023,49300.0,1.6,petrol_lpg,automatic,, red ,5,543.0
Dena,2016,169500.0,1.7,petrol,MANUAL,intact,white,5,532.4
Tiba,2013,237500.0,1.5,petrol,manual,intact,black,1,149.4
Peugeot 206,2020,113100.0,1.4,petrol_lpg,automatic,minor_paint,blue,2,389.4
Peugeot 206,2021,92000.0,1.4,petrol,manual,major_paint,black,3,372.2
Tiba,2020,111600.0,1.5,petrol,automatic,minor_paint,blue,4,266.1
Tiba,2018,99500.0,1.5,petrol,automatic,minor_paint,black,3,246.0
Hyundai Accent,2022,80200.0,1.6,petrol_lpg,manual,major_paint,blue,1,1482.1
Tiba,2013,240800.0,1.5,petrol,automatic,intact,grey,3,159.2
Pride,2016,236500.0,1.3,petrol,manual,major_paint,silver,2,107.8
Kia Cerato,2025,15400.0,2.0,petrol,automatic,accident_repaired,black,4,1717.8
Shahin,2015,192500.0,1.5,petrol,manual,intact,blue,1,458.7
Peugeot Pars,2013,195500.0,1.8,petrol,automatic,,black,1,318.4
Peugeot 206,2023,72100.0,1.4,petrol,manual,minor_paint,grey,4,425.0
Hyundai Accent,2015,195100.0,1.6,petrol,manual,accident_repaired,silver,4,831.8
Tiba,2017,197700.0,1.5,petrol,MANUAL,intact,blue,2,195.7
Peugeot Pars,2013,260700.0,1.8,petrol,manual,intact,white,5,271.5
Kia Cerato,2025,0.0,2.0,petrol,manual,minor_paint,silver,3,2374.0
Quik,2019,150300.0,1.5,petrol,manual,,silver,2,297.5
Pride,2012,,1.3,petrol,MANUAL,minor_paint,white,2,86.3
Kia Cerato,2008,338000.0,2.0,petrol_lpg,manual,accident_repaired,white,2,599.7
Samand,2008,340400.0,1.8,petrol_lpg,manual,major_paint,silver,4,125.4
Kia Cerato,2025,7800.0,2.0,petrol_lpg,manual,accident_repaired,white,5,1727.9
Dena,2012,,1.7,petrol,automatic,intact,grey,2,385.1
Toyota Corolla,2007,,1.8,petrol,MANUAL,intact,red,2,978.6
Rana,2022,400.0,1.6,petrol,manual,major_paint,white,1,470.7
Toyota Corolla,2025,8700.0,1.8,petrol,manual,major_paint,red,3,2343.8
Tiba,2010,274900.0,1.5,petrol_lpg,manual,intact,silver,3,112.2
Shahin,2015,177600.0,1.5,petrol_lpg,automatic,major_paint,white,5,412.3
Kia Cerato,2008,345000.0,2.0,petrol,manual,,red,2,774.5
Toyota Corolla,2009,311700.0,1.8,petrol,MANUAL,accident_repaired,white,2,821.2
Rana,2019,135700.0,1.6,petrol,automatic,intact,grey,4,377.9
Rana,2015,143300.0,1.6,petrol,automatic,major_paint,white,2,316.3
Quik,2017,118500.0,1.5,petrol,manual,minor_paint,silver,4,256.7
Hyundai Accent,2007,356500.0,1.6,petrol,manual,intact,silver,4,684.5
Quik,2008,309300.0,1.5,petrol,automatic,,silver,3,100.6
Peugeot Pars,2010,,1.8,petrol,MANUAL,accident_repaired,white,3,168.9
Tiba,2007,326700.0,1.5,petrol,automatic,intact,silver,4,109.9
Quik,2007,300700000.0,1.5,petrol,manual,minor_paint,black,4,123.2
Toyota Corolla,2024,16800.0,1.8,petrol,manual,major_paint,grey,3,2210.0
Rana,2026,0.0,1.6,petrol,manual,intact,white,2,916.5
Toyota Corolla,2008,342000.0,1.8,petrol,manual,minor_paint,silver,2,1064.1
Quik,2015,189100.0,1.5,petrol,AUTOMATIC,major_paint,black,4,213.9
Rana,2009,288900.0,1.6,petrol,automatic,minor_paint,blue,1,232.1
Hyundai Accent,2015,181600.0,1.6,petrol,manual,intact,red,5,993.4
Kia Cerato,2025,0.0,2.0,petrol,MANUAL,minor_paint,grey,3,2314.3
Hyundai Accent,2014,264100.0,1.6,petrol,manual,,black,2,1141.7
Peugeot 206,2008,351200.0,1.4,petrol,AUTOMATIC,accident_repaired,blue,2,135.6
Kia Cerato,2006,420800.0,2.0,petrol,automatic,minor_paint,black,1,804.2
Kia Cerato,2014,168900.0,2.0,petrol_lpg,manual,major_paint,silver,4,989.4
Peugeot 206,2005,412200.0,1.4,petrol,manual,intact,black,3,142.2
Peugeot 206,2018,144700.0,1.4,petrol,manual,major_paint,red,5,287.7
Toyota Corolla,2007,313700.0,1.8,petrol,manual,intact,grey,2,1025.0
Peugeot 206,2016,184500.0,1.4,petrol,automatic,intact,silver,2,433.4
Quik,2017,210000.0,1.5,petrol,automatic,,black,4,263.8
Pride,2007,336700.0,1.3,petrol,manual,accident_repaired,white,2,60.0
Peugeot 206,2018,156700.0,1.4,petrol_lpg,manual,minor_paint,white,3,364.3
Kia Cerato,2022,63000.0,2.0,petrol,automatic,intact,white,5,2376.7
Shahin,2023,91900.0,1.5,petrol,automatic,intact,white,1,965.3
Tiba,2012,261400.0,1.5,petrol,manual,minor_paint,black,2,127.6
Toyota Corolla,2007,346800.0,1.8,petrol,automatic,intact, white ,3,1487.7
Kia Cerato,2022,73500.0,2.0,petrol,automatic,major_paint,white,4,2139.3
Pride,2011,,1.3,petrol_lpg,manual,intact,white,5,100.9
Dena,2025,,1.7,petrol,manual,major_paint,blue,1,639.9
Toyota Corolla,2005,370500.0,1.8,petrol,manual,intact,grey,1,883.9
Hyundai Accent,2019,119200.0,1.6,petrol,manual,,silver,5,1466.4
Dena,2017,187200.0,1.7,petrol,manual,intact,white,2,523.4
Tiba,2022,76200.0,1.5,petrol,manual,accident_repaired,black,5,185.6
Samand,2020,131300.0,1.8,petrol_lpg,manual,minor_paint,silver,2,369.2
Peugeot 206,2007,314900.0,1.4,petrol,manual,minor_paint,silver,4,162.8
Hyundai Accent,2013,238000.0,1.6,petrol,automatic,minor_paint,silver,1,1067.5
Tiba,2022,10200.0,1.5,petrol,manual,intact,silver,2,327.3
Rana,2021,112400.0,1.6,petrol,automatic,accident_repaired,white,5,346.7
Samand,2017,156500.0,1.8,petrol_lpg,manual,intact,blue,5,272.6
Peugeot 206,2020,98700.0,1.4,petrol,manual,intact,grey,1,494.2
Shahin,2017,157600.0,1.5,petrol_lpg,manual,major_paint,black,1,380.5
Shahin,2012,230500.0,1.5,petrol,manual,major_paint,silver,1,354.2
Peugeot Pars,2024,41900.0,1.8,petrol_lpg,automatic,minor_paint,blue,3,616.8
Hyundai Accent,2022,87800.0,1.6,petrol_lpg,MANUAL,intact,white,1,1804.5
Dena,2021,58800.0,1.7,petrol,automatic,minor_paint,blue,4,672.8
Peugeot Pars,2026,0.0,1.8,petrol,automatic,minor_paint,blue,3,781.6
Dena,2014,256700.0,1.7,petrol,manual,intact,grey,1,341.8
Kia Cerato,2017,209700.0,2.0,petrol,manual,intact,white,3,1435.8
Kia Cerato,2011,277000.0,2.0,petrol_lpg,MANUAL,minor_paint,white,4,1068.6
Quik,2022,96400.0,1.5,petrol,manual,minor_paint,silver,4,348.6
Kia Cerato,2010,319900.0,2.0,petrol,automatic,minor_paint,blue,5,888.6
Rana,2016,166900.0,1.6,petrol,manual,intact,grey,1,403.7
Pride,2020,90400.0,1.3,petrol_lpg,manual,intact,silver,5,178.0
Peugeot 206,2025,37800.0,1.4,petrol,manual,intact,white,1,723.8
Dena,2007,339000.0,1.7,petrol_lpg,manual,major_paint,blue,2,189.5
Tiba,2007,371800.0,1.5,petrol,manual,minor_paint,blue,2,89.4
Dena,2015,195400.0,1.7,petrol_lpg,manual,minor_paint,white,5,382.4
Samand,2011,306300.0,1.8,petrol,automatic,intact,black,4,213.7
Hyundai Accent,2025,7200.0,1.6,petrol,manual,accident_repaired,grey,2,1534.3
Shahin,2007,356700.0,1.5,petrol,manual,intact,white,3,291.6
Samand,2022,,1.8,petrol,automatic,accident_repaired,silver,3,356.3
Hyundai Accent,2010,265500.0,1.6,petrol,manual,,blue,5,830.9
Kia Cerato,2005,430700.0,2.0,petrol,manual,intact,blue,5,652.8
Rana,2010,335300.0,1.6,petrol,manual,major_paint,black,3,146.6
Toyota Corolla,2007,383900.0,1.8,petrol,manual,major_paint,red,5,686.7
Toyota Corolla,2012,275500.0,1.8,petrol,automatic,minor_paint,grey,1,1260.1
Hyundai Accent,2011,336200.0,1.6,petrol,manual,accident_repaired,silver,4,542.4
Kia Cerato,2021,106800.0,2.0,petrol,manual,intact,white,4,1962.6
Quik,2021,51600.0,1.5,petrol,manual,accident_repaired,grey,5,211.9
Samand,2006,402500.0,1.8,petrol_lpg,manual,minor_paint,blue,3,124.1
Quik,2021,,1.5,petrol_lpg,manual,intact,white,1,378.3
Dena,2014,236200.0,1.7,petrol,manual,minor_paint,grey,1,395.4
Hyundai Accent,2020,119000.0,1.6,petrol,automatic,intact, white ,4,1954.7
Shahin,2014,186200.0,1.5,petrol,automatic,minor_paint,black,5,413.6
Tiba,2005,356200.0,1.5,petrol_lpg,manual,intact,white,3,81.6
Toyota Corolla,2025,20600.0,1.8,petrol_lpg,manual,minor_paint,grey,3,2451.9
Dena,2014,219400.0,1.7,petrol,manual,accident_repaired,silver,4,259.7
Peugeot Pars,2022,79000.0,1.8,petrol,automatic,minor_paint,silver,1,565.5
Dena,2015,201700.0,1.7,petrol_lpg,manual,minor_paint,black,1,452.9
Kia Cerato,2013,227400.0,2.0,petrol,manual,minor_paint,black,1,1207.7
Kia Cerato,2008,320000.0,2.0,petrol_lpg,automatic,accident_repaired,white,1,765.5
Rana,2026,24800.0,1.6,petrol,manual,intact,silver,1,718.9
Toyota Corolla,2007,345400.0,1.8,petrol,automatic,minor_paint,black,3,953.2
Shahin,2018,171400.0,1.5,petrol_lpg,manual,intact,grey,4,461.0
Dena,2024,0.0,1.7,petrol_lpg,manual,minor_paint,white,2,784.0
Rana,2020,,1.6,petrol,automatic,minor_paint,black,4,476.7
Tiba,2018,157100.0,1.5,petrol,automatic,intact,blue,1,267.3
Pride,2005,334700.0,1.3,petrol,automatic,intact,grey,2,74.0
Peugeot 206,2016,209000.0,1.4,petrol,manual,minor_paint,grey,2,330.7
Peugeot Pars,2024,103700.0,1.8,petrol_lpg,manual,accident_repaired,grey,2,320.5
Hyundai Accent,2022,51100000.0,1.6,petrol,manual,accident_repaired, grey ,2,1085.2
Kia Cerato,2019,145600.0,2.0,petrol_lpg,automatic,accident_repaired,white,3,1316.1
Dena,2007,311100.0,1.7,petrol,manual,minor_paint,red,4,211.0
Shahin,2017,133600.0,1.5,petrol,manual,minor_paint,white,1,580.5
Quik,2022,69600.0,1.5,petrol,automatic,intact,white,2,455.7
Samand,2021,101800.0,1.8,petrol,automatic,intact,white,1,485.3
Peugeot Pars,2011,275800.0,1.8,petrol,manual,minor_paint,blue,2,250.0
Toyota Corolla,2023,54900.0,1.8,petrol,automatic,intact,silver,2,2757.0
Pride,2025,0.0,1.3,petrol_lpg,automatic,intact,white,2,320.1
Tiba,2010,301700.0,1.5,petrol,manual,intact,black,2,134.3
Pride,2020,141500.0,1.3,petrol,manual,intact,silver,1,201.9
Quik,2016,188200.0,1.5,petrol,manual,major_paint,white,5,165.6
Kia Cerato,2011,340300.0,2.0,petrol,automatic,minor_paint,silver,1,1035.1
Quik,2013,208300.0,1.5,petrol_lpg,automatic,intact,grey,5,196.2
Peugeot Pars,2013,218100.0,1.8,petrol_lpg,automatic,minor_paint,red,1,333.0
Quik,2022,80400.0,1.5,petrol,manual,,black,1,446.8
Toyota Corolla,2021,83400.0,1.8,petrol,manual,intact,white,1,2453.5
Peugeot Pars,2019,,1.8,petrol,manual,major_paint,black,4,397.6
Peugeot 206,2008,321500.0,1.4,petrol,automatic,intact,white,2,237.4
Peugeot Pars,2011,279400.0,1.8,petrol,automatic,minor_paint,black,5,264.6
Quik,2022,70300.0,1.5,petrol,automatic,minor_paint,white,1,415.5
Quik,2010,,1.5,petrol,manual,intact,white,4,148.4
Tiba,2016,215300.0,1.5,petrol,manual,intact,white,1,216.2
Shahin,2020,,1.5,petrol,manual,intact,white,3,679.4
Peugeot Pars,2013,258000.0,1.8,petrol,manual,intact,silver,5,287.9
Hyundai Accent,2016,206200.0,1.6,petrol,automatic,major_paint,red,4,1028.1
Quik,2016,122500.0,1.5,petrol,manual,minor_paint,white,2,257.6
Peugeot Pars,2025,41900.0,1.8,petrol,automatic,intact,red,5,732.2
Hyundai Accent,2019,95900.0,1.6,petrol,manual,intact,silver,2,1798.6
Shahin,2020,126700.0,1.5,petrol,MANUAL,minor_paint,black,5,573.3
Rana,2014,279200.0,1.6,petrol,manual,minor_paint,blue,4,273.0
Peugeot Pars,2019,,1.8,petrol,manual,major_paint,black,4,397.6
Rana,2009,308600.0,1.6,petrol,manual,accident_repaired,white,3,144.2
Hyundai Accent,2011,258700.0,1.6,petrol,manual,major_paint,white,3,695.4
Dena,2005,409900.0,1.7,petrol,automatic,minor_paint,red,4,219.6
Dena,2018,110000.0,1.7,petrol,manual,major_paint,white,5,457.6
Hyundai Accent,2024,3500.0,1.6,petrol,manual,minor_paint,black,4,2021.4
Pride,2024,17100.0,1.3,petrol,manual,major_paint,silver,2,208.5
Hyundai Accent,2006,397000.0,1.6,petrol,manual,intact,white,5,618.2
Pride,2012,229200.0,1.3,petrol_lpg,manual,minor_paint,blue,3,86.8
Quik,2006,383800.0,1.5,petrol_lpg,manual,accident_repaired,white,2,64.6
Hyundai Accent,2021,104600.0,1.6,petrol,manual,intact,silver,5,1789.5
Quik,2025,38400.0,1.5,petrol,manual,minor_paint,grey,4,398.6
Tiba,2019,137100.0,1.5,petrol,MANUAL,minor_paint,white,3,231.7
Kia Cerato,2010,326900.0,2.0,petrol,automatic,major_paint,red,2,799.2
Peugeot Pars,2007,356700.0,1.8,petrol,manual,intact,white,4,215.6
Tiba,2026,,1.5,petrol,automatic,intact,silver,5,457.7
Samand,2017,168800.0,1.8,petrol,manual,minor_paint,white,3,284.7
Pride,2022,106300.0,1.3,petrol,automatic,intact,white,5,222.7
Tiba,2007,339800.0,1.5,petrol,manual,intact,silver,1,106.7
Kia Cerato,2018,124800.0,2.0,petrol,manual,intact,silver,3,1967.3
Shahin,2017,136000.0,1.5,petrol,manual,intact,white,1,643.3
Dena,2023,61600.0,1.7,petrol,manual,intact,white,2,940.4
Shahin,2023,,1.5,petrol,manual,intact, black ,2,1005.2
Kia Cerato,2009,292200.0,2.0,petrol,MANUAL,minor_paint,red,4,906.1
Hyundai Accent,2008,374200.0,1.6,petrol_lpg,manual,major_paint,grey,3,549.8
Hyundai Accent,2025,17500.0,1.6,petrol,manual,accident_repaired,white,4,1498.4
Shahin,2013,,1.5,petrol_lpg,manual,accident_repaired,black,4,254.4
Shahin,2016,180200.0,1.5,petrol_lpg,manual,minor_paint, red ,5,453.9
Kia Cerato,2010,291100.0,2.0,petrol_lpg,manual,major_paint,black,5,722.3
Hyundai Accent,2013,246200.0,1.6,petrol,manual,,blue,4,848.7
Rana,2014,232500.0,1.6,petrol_lpg,manual,intact,grey,4,246.0
Samand,2025,,1.8,petrol,automatic,intact,white,2,740.0
Hyundai Accent,2011,304700.0,1.6,petrol_lpg,MANUAL,major_paint,white,4,699.2
Dena,2025,36500.0,1.7,petrol,manual,minor_paint,white,1,857.3
Toyota Corolla,2006,379300.0,1.8,petrol_lpg,manual,minor_paint,grey,5,738.3
Tiba,2019,124900.0,1.5,petrol,manual,intact,black,5,217.4
Toyota Corolla,2018,137000.0,1.8,petrol,manual,minor_paint,red,3,1674.7
Peugeot 206,2013,252600.0,1.4,petrol,manual,major_paint,silver,4,206.9
Shahin,2016,227000.0,1.5,petrol,manual,intact,white,5,507.5
Quik,2024,66500.0,1.5,petrol,manual,minor_paint,white,4,329.7
Pride,2006,371400.0,1.3,petrol,manual,minor_paint,white,3,63.4
Rana,2021,88900.0,1.6,petrol_lpg,manual,intact,silver,2,514.7
Rana,2008,353700.0,1.6,petrol,automatic,minor_paint,white,4,194.6
Quik,2010,265200.0,1.5,petrol,manual,intact,black,3,167.4
Samand,2005,359100.0,1.8,petrol_lpg,manual,major_paint,blue,3,96.2
Shahin,2014,,1.5,petrol,manual,major_paint,white,1,403.8
Rana,2005,378700.0,1.6,petrol,manual,intact,silver,1,161.4
Pride,2014,175700.0,1.3,petrol,manual,minor_paint,silver,1,115.9
Rana,2006,405200.0,1.6,petrol_lpg,manual,,black,1,184.5
Shahin,2009,298900.0,1.5,petrol,manual,intact,white,4,318.9
Samand,2025,43300.0,1.8,petrol,manual,major_paint,red,1,461.2
Hyundai Accent,2022,65600.0,1.6,petrol,manual,accident_repaired,silver,4,1217.1
Tiba,2007,368200.0,1.5,petrol,automatic,major_paint,red,1,77.7
Samand,2025,0.0,1.8,petrol_lpg,automatic,accident_repaired,silver,4,371.5
Pride,2017,181300.0,1.3,petrol,automatic,major_paint,blue,2,140.7
Peugeot 206,2025,11700.0,1.4,petrol,manual,major_paint,silver,5,527.3
Samand,2008,312700.0,1.8,petrol,manual,intact,white,4,145.0
Tiba,2022,74700.0,1.5,petrol_lpg,manual,minor_paint,grey,5,227.2
Shahin,2014,184300.0,1.5,petrol_lpg,automatic,intact,black,3,482.5
Samand,2011,280100.0,1.8,petrol,manual,intact, white ,1,231.9
Peugeot Pars,2017,147800.0,1.8,petrol,manual,intact,grey,5,371.7
Peugeot 206,2022,75600.0,1.4,petrol,manual,minor_paint,blue,3,459.9
Peugeot Pars,2009,283900.0,1.8,petrol,manual,intact,black,5,232.8
Samand,2006,360800.0,1.8,petrol,manual,accident_repaired,blue,5,84.1
Peugeot 206,2021,67900.0,1.4,petrol,manual,intact,white,1,479.5
Tiba,2019,108300.0,1.5,petrol,automatic,minor_paint,silver,1,282.3
Peugeot Pars,2019,165300.0,1.8,petrol,manual,accident_repaired, red ,4,270.8
Dena,2025,0.0,1.7,petrol,manual,intact,black,1,913.5
Tiba,2025,0.0,1.5,petrol,automatic,major_paint,black,3,308.4
Samand,2021,,1.8,petrol,manual,major_paint,silver,2,404.4
Samand,2025,34800.0,1.8,petrol,manual,intact,black,2,630.1
Shahin,2021,69600.0,1.5,petrol,manual,major_paint,blue,5,502.9
Pride,2020,121500.0,1.3,petrol,MANUAL,intact,black,3,208.7
Kia Cerato,2018,132200.0,2.0,petrol,manual,major_paint,silver,5,1376.5
Rana,2016,189700.0,1.6,petrol,automatic,major_paint,black,1,359.3
Shahin,2025,13500.0,1.5,petrol,automatic,intact,silver,2,1195.3
Hyundai Accent,2018,147500.0,1.6,petrol_lpg,manual,accident_repaired,red,4,897.8
Hyundai Accent,2018,147700.0,1.6,petrol_lpg,automatic,intact,silver,1,1555.3
Tiba,2022,61300.0,1.5,petrol,manual,major_paint,silver,3,223.5
Shahin,2013,202300.0,1.5,petrol,automatic,intact,silver,5,495.6
Samand,2015,212800000.0,1.8,petrol,AUTOMATIC,minor_paint,silver,5,293.6
Toyota Corolla,2017,217600.0,1.8,petrol,manual,accident_repaired,grey,5,1027.7
Peugeot 206,2015,212300.0,1.4,petrol,automatic,intact,black,5,297.5
Shahin,2013,189700.0,1.5,petrol,manual,intact,white,1,487.6
Tiba,2009,318200.0,1.5,petrol,manual,major_paint,grey,2,82.4
Dena,2013,270300.0,1.7,petrol,automatic,major_paint,blue,5,349.4
Pride,2019,119000000.0,1.3,petrol_lpg,manual,intact,blue,5,168.2
Samand,2022,90300.0,1.8,petrol,AUTOMATIC,intact,red,2,466.1
Samand,2026,0.0,1.8,petrol,manual,minor_paint,silver,4,564.5
Shahin,2017,166600.0,1.5,petrol,manual,intact,silver,1,564.0
Quik,2006,353500.0,1.5,petrol,manual,major_paint,silver,1,94.2
Peugeot Pars,2016,192100.0,1.8,petrol_lpg,MANUAL,minor_paint,white,2,361.8
Rana,2021,103400.0,1.6,petrol,manual,minor_paint,white,5,457.4
Quik,2023,44000.0,1.5,petrol,automatic,minor_paint,white,4,408.9
Kia Cerato,2008,352200.0,2.0,petrol,manual,accident_repaired,white,3,639.6
Kia Cerato,2012,250000.0,2.0,petrol,manual,accident_repaired,silver,5,666.7
Tiba,2011,248700.0,1.5,petrol,manual,minor_paint,blue,1,136.0
Pride,2026,0.0,1.3,petrol,manual,accident_repaired,silver,2,221.1
Dena,2024,47100.0,1.7,petrol,automatic,minor_paint, silver ,5,794.5
Dena,2006,365600.0,1.7,petrol,automatic,intact,silver,2,272.4
Toyota Corolla,2023,54100.0,1.8,petrol,manual,minor_paint,blue,3,2336.0
Hyundai Accent,2005,381100.0,1.6,petrol_lpg,manual,intact,white,3,564.5
Shahin,2005,416800.0,1.5,petrol,MANUAL,minor_paint,black,5,181.3
Pride,2015,198700.0,1.3,petrol,AUTOMATIC,intact,blue,2,143.5
Quik,2024,27500.0,1.5,petrol,MANUAL,minor_paint,silver,3,415.4
Shahin,2024,62400.0,1.5,petrol_lpg,MANUAL,minor_paint,grey,2,800.7
Dena,2019,131800.0,1.7,petrol,automatic,intact, silver ,5,605.0
Shahin,2016,186900.0,1.5,petrol,manual,intact,black,3,486.8
Peugeot 206,2013,214200.0,1.4,petrol,automatic,,blue,4,326.8
Hyundai Accent,2008,295800.0,1.6,petrol,manual,intact,silver,1,829.7
Peugeot Pars,2017,146300.0,1.8,petrol_lpg,manual,minor_paint,white,4,329.9
Quik,2009,354900.0,1.5,petrol,manual,,grey,2,141.5
Toyota Corolla,2024,51500.0,1.8,petrol_lpg,manual,minor_paint,grey,1,2269.5
Samand,2022,110500.0,1.8,petrol_lpg,manual,accident_repaired,grey,2,279.1
Tiba,2011,245300.0,1.5,petrol,manual,minor_paint,silver,1,144.1
Toyota Corolla,2012,265500.0,1.8,petrol,automatic,intact,white,5,1435.8
Pride,2011,238600.0,1.3,petrol,AUTOMATIC,intact, blue ,5,123.8
Pride,2018,144500.0,1.3,petrol,AUTOMATIC,intact,white,2,180.9
Shahin,2015,196400.0,1.5,petrol_lpg,manual,minor_paint,silver,2,418.2
Shahin,2015,259000.0,1.5,petrol_lpg,manual,major_paint,silver,4,344.2
Samand,2009,272300000.0,1.8,petrol,manual,intact,silver,5,191.6
Toyota Corolla,2024,39900.0,1.8,petrol,automatic,accident_repaired,black,2,2061.4
Dena,2026,0.0,1.7,petrol,automatic,major_paint,black,5,790.7
Peugeot Pars,2014,,1.8,petrol,automatic,minor_paint,blue,4,293.4
Shahin,2018,138900.0,1.5,petrol,manual,minor_paint,grey,5,550.4
Rana,2023,31700.0,1.6,petrol,manual,minor_paint,white,1,683.9
Kia Cerato,2021,67600.0,2.0,petrol_lpg,automatic,major_paint,white,3,1891.9
Samand,2023,80100.0,1.8,petrol,manual,major_paint,black,3,394.2
Pride,2025,,1.3,petrol_lpg,automatic,minor_paint,silver,5,254.4
Toyota Corolla,2012,240100.0,1.8,petrol_lpg,MANUAL,minor_paint,grey,2,1269.8
Kia Cerato,2013,260800.0,2.0,petrol,manual,minor_paint,white,2,1277.2
Quik,2013,290100.0,1.5,petrol,manual,,blue,2,182.6
Pride,2011,282700.0,1.3,petrol,automatic,minor_paint,black,2,99.2
Dena,2015,188400.0,1.7,petrol,manual,,white,4,504.9
Rana,2007,318800.0,1.6,petrol,manual,major_paint,silver,3,164.5
Hyundai Accent,2009,321500.0,1.6,petrol,automatic,minor_paint,white,1,934.2
Peugeot 206,2018,174600.0,1.4,petrol,automatic,intact,white,1,452.0
Peugeot Pars,2006,,1.8,petrol,automatic,intact,white,3,193.3
Peugeot Pars,2017,158200.0,1.8,petrol,manual,intact,red,3,373.9
Shahin,2021,144100.0,1.5,petrol,manual,minor_paint,silver,1,610.4
Quik,2010,297500.0,1.5,petrol,manual,minor_paint,blue,4,122.8
Peugeot 206,2006,371500000.0,1.4,petrol_lpg,automatic,intact,red,1,165.7
Quik,2019,111300.0,1.5,petrol,manual,major_paint,blue,4,218.7
Tiba,2021,84400.0,1.5,petrol,automatic,intact,black,5,309.0
Rana,2006,358800.0,1.6,petrol_lpg,manual,accident_repaired,silver,1,106.4
Kia Cerato,2015,182800.0,2.0,petrol,manual,intact,red,4,1328.8
Quik,2009,316600.0,1.5,petrol,manual,intact,white,3,134.4
Toyota Corolla,2011,261500.0,1.8,petrol,manual,intact,black,2,1520.2
Dena,2016,178300.0,1.7,petrol,manual,intact,red,2,513.2
Rana,2025,0.0,1.6,petrol,manual,intact,white,2,716.9
Tiba,2019,153100.0,1.5,petrol,AUTOMATIC,accident_repaired,black,5,162.1
Tiba,2006,358100.0,1.5,petrol,manual,major_paint,silver,3,65.3
Quik,2014,184800.0,1.5,petrol,automatic,intact,white,2,272.8
Quik,2006,365300.0,1.5,petrol,manual,intact,red,2,116.7
Kia Cerato,2016,197500.0,2.0,petrol_lpg,manual,intact,blue,2,1547.2
Shahin,2007,400000.0,1.5,petrol,manual,intact,white,3,259.8
Dena,2026,0.0,1.7,petrol,manual,major_paint,white,2,808.8
Peugeot Pars,2026,0.0,1.8,petrol,automatic,accident_repaired,blue,1,553.0
Rana,2017,196500.0,1.6,petrol,manual,intact,silver,5,321.6
Peugeot Pars,2009,332200.0,1.8,petrol,automatic,intact,blue,4,221.6
Pride,2016,165400.0,1.3,petrol,manual,intact,silver,5,139.3
Rana,2006,362100.0,1.6,petrol,manual,intact,silver,2,189.2
Dena,2010,276300.0,1.7,petrol,automatic,major_paint,red,4,279.0
Shahin,2012,266400.0,1.5,petrol,MANUAL,minor_paint, black ,2,388.4
Peugeot Pars,2011,312700.0,1.8,petrol,manual,minor_paint,grey,4,202.3
Toyota Corolla,2025,41100.0,1.8,petrol,MANUAL,minor_paint,white,3,2527.3
Tiba,2021,49000.0,1.5,petrol_lpg,automatic,minor_paint,white,1,367.3
Peugeot 206,2023,,1.4,petrol,manual,intact,white,2,527.6
Quik,2015,227200.0,1.5,petrol,manual,intact,blue,3,196.6
Peugeot 206,2017,144300.0,1.4,petrol,automatic,intact,silver,5,395.7
Peugeot 206,2016,188700.0,1.4,petrol_lpg,manual,minor_paint,white,3,316.1
Peugeot Pars,2011,,1.8,petrol,manual,minor_paint,black,1,254.7
Peugeot 206,2007,360900.0,1.4,petrol,automatic,minor_paint,white,1,188.2
Tiba,2011,284600.0,1.5,petrol,manual,,white,2,132.8
Shahin,2021,82000.0,1.5,petrol,manual,intact,grey,1,702.2
Quik,2014,247300.0,1.5,petrol,MANUAL,major_paint,silver,4,143.3
Pride,2021,105200.0,1.3,petrol,manual,intact,blue,5,198.7
Rana,2012,255500.0,1.6,petrol,manual,intact,silver,3,268.3
Shahin,2016,228000.0,1.5,petrol,automatic,minor_paint,silver,1,524.6
Rana,2013,210900.0,1.6,petrol,manual,accident_repaired,silver,3,181.4
Tiba,2008,327600.0,1.5,petrol,automatic,intact, blue ,1,108.8
Peugeot Pars,2018,143100.0,1.8,petrol_lpg,automatic,intact,silver,1,517.1
Hyundai Accent,2008,345600.0,1.6,petrol_lpg,manual,intact,white,1,796.6
Rana,2009,335000.0,1.6,petrol,manual,intact,black,3,210.9
Quik,2015,180700.0,1.5,petrol,AUTOMATIC,minor_paint,white,3,256.7
Tiba,2015,214100.0,1.5,petrol,automatic,intact,white,2,206.8
Toyota Corolla,2026,0.0,1.8,petrol,automatic,minor_paint,blue,1,3202.1
Samand,2007,403900.0,1.8,petrol,manual,intact,black,1,140.0
Dena,2013,265100.0,1.7,petrol,manual,intact,silver,1,405.8
Kia Cerato,2005,354700.0,2.0,petrol_lpg,manual,intact,white,3,815.3
Tiba,2018,101800.0,1.5,petrol,manual,minor_paint,red,3,212.4
Rana,2025,0.0,1.6,petrol_lpg,manual,accident_repaired,red,4,460.1
Rana,2019,138600.0,1.6,petrol_lpg,automatic,minor_paint, blue ,3,420.2
Pride,2011,294900.0,1.3,petrol,MANUAL,intact,grey,3,86.2
Rana,2017,163600.0,1.6,petrol,manual,intact,silver,2,390.4
Shahin,2005,384900.0,1.5,petrol,manual,intact,black,2,233.7
Hyundai Accent,2007,287500.0,1.6,petrol,automatic,minor_paint,red,2,692.3
Samand,2013,200600.0,1.8,petrol_lpg,automatic,accident_repaired,black,2,172.0
Samand,2007,336100.0,1.8,petrol,manual,major_paint,red,4,112.6
Peugeot Pars,2021,104600.0,1.8,petrol,manual,accident_repaired,silver,2,365.5
Rana,2021,79300.0,1.6,petrol_lpg,manual,major_paint, white ,2,398.1
Rana,2007,354800.0,1.6,petrol,automatic,intact, silver ,1,239.0
Rana,2009,301300.0,1.6,petrol,manual,intact,silver,3,232.2
Rana,2019,188200.0,1.6,petrol,automatic,major_paint,red,5,308.9
Shahin,2026,0.0,1.5,petrol,AUTOMATIC,minor_paint,grey,3,927.8
Dena,2021,72100.0,1.7,petrol,automatic,intact,blue,1,926.1
Samand,2025,0.0,1.8,petrol,manual,intact,grey,2,633.5
Rana,2008,370900.0,1.6,petrol,MANUAL,intact,silver,3,181.3
Kia Cerato,2020,125700.0,2.0,petrol,MANUAL,minor_paint,blue,4,1659.9
Peugeot 206,2025,27900.0,1.4,petrol,AUTOMATIC,major_paint,red,2,579.1
Samand,2014,232300.0,1.8,petrol,automatic,major_paint,white,5,196.3
Rana,2011,343300.0,1.6,petrol_lpg,manual,minor_paint,white,5,179.5
Hyundai Accent,2009,319900.0,1.6,petrol,manual,accident_repaired,red,2,494.5
Peugeot 206,2016,199800.0,1.4,petrol,manual,accident_repaired,silver,2,222.4
Kia Cerato,2008,,2.0,petrol,manual,intact,white,4,937.7
Peugeot 206,2007,370100.0,1.4,petrol,manual,major_paint,black,4,132.2
Peugeot 206,2013,191900.0,1.4,petrol,manual,minor_paint,grey,2,244.9
Shahin,2010,329600.0,1.5,petrol,manual,accident_repaired, silver ,5,187.7
Quik,2026,0.0,1.5,petrol,automatic,intact,black,2,611.7
Shahin,2023,59300.0,1.5,petrol,manual,minor_paint,blue,5,715.9
Rana,2005,425100.0,1.6,petrol_lpg,manual,intact,white,4,150.2
Hyundai Accent,2012,263000.0,1.6,petrol,automatic,minor_paint,white,2,1122.2
Toyota Corolla,2017,182300.0,1.8,petrol,automatic,accident_repaired,white,1,1531.9
Kia Cerato,2024,41200.0,2.0,petrol,manual,intact,white,5,2201.8
Rana,2020,151300.0,1.6,petrol,automatic,intact,white,4,552.9
Quik,2021,100400.0,1.5,petrol,automatic,major_paint,grey,1,269.4
Peugeot 206,2026,13900.0,1.4,petrol,manual,major_paint,black,2,611.5
Tiba,2018,127100.0,1.5,petrol,automatic,intact,blue,1,245.5
Shahin,2016,154600.0,1.5,petrol,manual,intact,grey,3,533.1
Samand,2019,96100.0,1.8,petrol_lpg,manual,intact,silver,2,392.2
Dena,2019,,1.7,petrol_lpg,manual,major_paint,black,4,417.9
Tiba,2023,81500.0,1.5,petrol,manual,intact,black,2,338.2
Tiba,2024,0.0,1.5,petrol,manual,major_paint,black,1,318.2
Peugeot Pars,2007,347300.0,1.8,petrol,manual,minor_paint,blue,1,182.6
Quik,2026,34200.0,1.5,petrol,automatic,minor_paint,grey,5,473.9
Shahin,2017,155500.0,1.5,petrol,manual,intact,red,1,553.3
Tiba,2010,,1.5,petrol,manual,minor_paint,white,4,101.0
Shahin,2023,56200.0,1.5,petrol,manual,,black,1,542.4
Samand,2012,253400.0,1.8,petrol_lpg,manual,accident_repaired,silver,3,147.4
Peugeot Pars,2019,137300.0,1.8,petrol,manual,intact,white,2,448.8
Quik,2008,325500.0,1.5,petrol_lpg,manual,minor_paint,silver,3,110.5
Kia Cerato,2014,252800.0,2.0,petrol,manual,intact,grey,1,1322.8
Peugeot Pars,2015,183800.0,1.8,petrol,automatic,major_paint,silver,5,306.2
Kia Cerato,2019,63300.0,2.0,petrol,manual,minor_paint,white,2,1872.9
Samand,2017,149300.0,1.8,petrol,manual,intact,blue,5,270.7
Toyota Corolla,2007,364700.0,1.8,petrol_lpg,automatic,intact,blue,3,1074.0
Toyota Corolla,2021,105300.0,1.8,petrol,manual,intact,silver,3,2136.5
Rana,2010,331700.0,1.6,petrol_lpg,MANUAL,,white,5,235.8
Rana,2012,256400.0,1.6,petrol,manual,intact,grey,1,290.5
Tiba,2011,300200.0,1.5,petrol,manual,major_paint,blue,5,88.7
Hyundai Accent,2010,314400.0,1.6,petrol,automatic,minor_paint,white,2,870.9
Shahin,2018,121800.0,1.5,petrol,manual,intact,silver,3,622.3
Toyota Corolla,2010,273200.0,1.8,petrol,manual,intact,grey,3,1252.2
Tiba,2006,323500.0,1.5,petrol,manual,intact,white,4,90.3
Hyundai Accent,2011,314900.0,1.6,petrol_lpg,automatic,intact,white,5,922.0
Quik,2010,277400.0,1.5,petrol,MANUAL,intact,black,2,162.6
Samand,2014,195300.0,1.8,petrol,manual,major_paint,white,3,218.4
Pride,2009,297100.0,1.3,petrol_lpg,manual,intact,black,3,74.5
Peugeot Pars,2006,343100.0,1.8,petrol,automatic,minor_paint,silver,5,204.6
Toyota Corolla,2023,96200.0,1.8,petrol_lpg,AUTOMATIC,minor_paint,blue,2,2284.5
Kia Cerato,2016,214800.0,2.0,petrol,manual,intact,silver,4,1388.5
Kia Cerato,2009,301100.0,2.0,petrol,automatic,intact,black,4,1073.9
Dena,2024,47100000.0,1.7,petrol,manual,intact,silver,1,733.5
Peugeot Pars,2007,369100.0,1.8,petrol_lpg,manual,intact,white,5,165.9
Pride,2022,73700.0,1.3,petrol,MANUAL,accident_repaired,white,3,167.6
Rana,2008,,1.6,petrol,AUTOMATIC,intact,blue,2,218.7
Hyundai Accent,2024,23500.0,1.6,petrol_lpg,manual,,grey,3,1799.2
Rana,2025,3700.0,1.6,petrol,automatic,minor_paint,white,2,739.4
Dena,2014,203600.0,1.7,petrol,automatic,accident_repaired,silver,4,286.6
Dena,2005,354300.0,1.7,petrol_lpg,manual,intact,red,4,212.2
Peugeot Pars,2019,111000.0,1.8,petrol_lpg,manual,intact,white,2,433.8
Peugeot Pars,2013,251200.0,1.8,petrol_lpg,manual,intact,grey,1,294.8
Hyundai Accent,2023,80600.0,1.6,petrol,manual,intact,silver,5,1763.5
Dena,2020,143000.0,1.7,petrol,manual,minor_paint,silver,4,582.3
Pride,2020,157300.0,1.3,petrol,manual,intact,grey,1,186.0
Kia Cerato,2013,195000.0,2.0,petrol,manual,intact,white,1,1379.8
Kia Cerato,2026,23600.0,2.0,petrol,manual,minor_paint,white,5,2243.8
Dena,2010,295600.0,1.7,petrol,manual,accident_repaired,white,2,215.6
Shahin,2008,357700.0,1.5,petrol,manual,intact,black,4,270.8
Peugeot 206,2025,13000.0,1.4,petrol,manual,minor_paint,white,3,652.3
Rana,2021,64400.0,1.6,petrol_lpg,manual,intact,blue,1,557.0
Shahin,2006,,1.5,petrol,MANUAL,intact,blue,2,270.2
Quik,2016,182300.0,1.5,petrol_lpg,manual,intact,blue,2,221.7
Shahin,2018,139800.0,1.5,petrol,manual,minor_paint,white,3,557.2
Peugeot 206,2013,265200.0,1.4,petrol_lpg,MANUAL,intact,red,5,231.5
Dena,2018,185800.0,1.7,petrol,manual,intact,silver,2,488.1
Pride,2006,384000.0,1.3,petrol,automatic,intact, white ,2,65.7
Toyota Corolla,2014,217000.0,1.8,petrol,manual,intact,silver,2,1635.4
Quik,2008,308400.0,1.5,petrol_lpg,manual,intact,silver,1,136.6
Rana,2025,11200.0,1.6,petrol,manual,intact,white,5,676.0
Samand,2024,67500.0,1.8,petrol,automatic,intact,black,1,565.3
Shahin,2005,387100.0,1.5,petrol,manual,major_paint,black,1,209.5
Shahin,2019,162600.0,1.5,petrol_lpg,automatic,accident_repaired, silver ,2,440.1
Kia Cerato,2009,293000.0,2.0,petrol,automatic,minor_paint,white,1,1135.6
Tiba,2011,240700.0,1.5,petrol,manual,major_paint,silver,3,99.7
Quik,2020,130800.0,1.5,petrol,manual,intact,blue,4,330.9
Peugeot 206,2018,154700.0,1.4,petrol,manual,minor_paint,blue,4,332.9
Samand,2025,35000.0,1.8,petrol,manual,intact,grey,4,542.0
Peugeot 206,2014,229600.0,1.4,petrol_lpg,manual,accident_repaired,red,1,172.1
Dena,2016,165900.0,1.7,petrol,manual,intact,blue,4,475.7
Pride,2021,135300.0,1.3,petrol,automatic,intact,white,2,229.6
Hyundai Accent,2014,193500.0,1.6,petrol,manual,minor_paint,grey,1,1118.8
Toyota Corolla,2006,315500.0,1.8,petrol_lpg,automatic,intact,blue,4,1007.3
Peugeot 206,2026,0.0,1.4,petrol_lpg,manual,minor_paint,white,2,634.2
Quik,2011,296200.0,1.5,petrol,manual,major_paint,white,3,141.6
Peugeot 206,2012,270000.0,1.4,petrol_lpg,manual,accident_repaired, blue ,4,128.7
Peugeot 206,2008,360000.0,1.4,petrol,manual,intact,grey,3,157.8
Kia Cerato,2026,41600.0,2.0,petrol,automatic,accident_repaired,red,1,1749.5
Peugeot Pars,2026,0.0,1.8,petrol,manual,minor_paint,silver,4,539.1
Quik,2016,182400.0,1.5,petrol_lpg,manual,minor_paint,black,5,193.5
Shahin,2010,279300.0,1.5,petrol,manual,minor_paint,silver,2,303.2
Shahin,2025,58500.0,1.5,petrol,automatic,intact,black,3,1041.6
Peugeot Pars,2026,300.0,1.8,petrol,automatic,,black,2,870.4
Peugeot Pars,2018,132500.0,1.8,petrol,manual,minor_paint,silver,4,404.1
Rana,2014,,1.6,petrol,manual,major_paint,black,4,255.3
Shahin,2005,,1.5,petrol,automatic,minor_paint,white,4,265.9
Hyundai Accent,2005,361300.0,1.6,petrol,manual,intact,white,1,690.4
Quik,2006,327800.0,1.5,petrol_lpg,manual,major_paint,black,4,87.7
Toyota Corolla,2014,239500.0,1.8,petrol,manual,minor_paint,white,4,1395.5
Peugeot 206,2026,41500.0,1.4,petrol,automatic,accident_repaired,red,4,462.0
Pride,2024,58000.0,1.3,petrol,automatic,intact,white,1,286.3
Peugeot Pars,2005,374700.0,1.8,petrol,automatic,intact,black,4,177.8
Quik,2020,133500.0,1.5,petrol,automatic,major_paint,blue,1,307.7
Samand,2009,310600.0,1.8,petrol_lpg,manual,intact,white,5,174.9
Shahin,2020,116700.0,1.5,petrol,manual,intact,white,3,642.3
Toyota Corolla,2009,311000.0,1.8,petrol,manual,intact,black,1,1379.6
Rana,2021,125200.0,1.6,petrol_lpg,manual,major_paint,white,4,380.8
Hyundai Accent,2010,287600.0,1.6,petrol,manual,intact,black,2,982.2
Peugeot 206,2013,238800.0,1.4,petrol_lpg,manual,minor_paint,silver,3,216.4
Dena,2005,374200.0,1.7,petrol,manual,major_paint,white,3,201.2
Toyota Corolla,2009,287400.0,1.8,petrol,manual,minor_paint,white,5,1039.8
Kia Cerato,2007,345400.0,2.0,petrol,manual,minor_paint,white,1,938.3
Pride,2015,189200.0,1.3,petrol,automatic,accident_repaired,white,1,111.2
Quik,2005,336800.0,1.5,petrol,MANUAL,intact, silver ,4,111.1
Peugeot Pars,2011,263800.0,1.8,petrol,automatic,minor_paint,black,4,249.5
Quik,2009,347200.0,1.5,petrol_lpg,automatic,minor_paint,silver,2,155.7
Kia Cerato,2022,76700.0,2.0,petrol,automatic,,silver,2,2367.9
Hyundai Accent,2025,42100.0,1.6,petrol_lpg,automatic,,white,5,2023.7
Samand,2011,252300.0,1.8,petrol,manual,intact,grey,5,195.7
Peugeot Pars,2006,345400.0,1.8,petrol,automatic,intact,red,3,198.7
Peugeot Pars,2026,,1.8,petrol,manual,major_paint,silver,2,561.0
Shahin,2022,113700.0,1.5,petrol,manual,minor_paint,silver,5,626.2
Samand,2022,92800.0,1.8,petrol,automatic,intact,silver,2,532.5
Rana,2017,156700.0,1.6,petrol,automatic,minor_paint,white,2,444.5
Toyota Corolla,2010,277400.0,1.8,petrol,automatic,major_paint,grey,3,1100.5
Dena,2024,46700.0,1.7,petrol,automatic,intact,grey,3,948.3
Rana,2023,98900.0,1.6,petrol,automatic,minor_paint,white,2,612.0
Pride,2023,93200.0,1.3,petrol,automatic,major_paint,black,1,213.6
Samand,2024,36000.0,1.8,petrol_lpg,AUTOMATIC,intact,blue,3,544.6
Tiba,2024,37100.0,1.5,petrol,automatic,intact,black,1,400.5
Tiba,2018,145300.0,1.5,petrol,manual,minor_paint,red,1,188.4
Rana,2011,273800.0,1.6,petrol,manual,accident_repaired,white,2,172.5
Tiba,2012,275900.0,1.5,petrol,manual,minor_paint,white,2,128.0
Samand,2020,109000.0,1.8,petrol,manual,accident_repaired,white,2,277.5
Tiba,2025,30900.0,1.5,petrol,manual,minor_paint,silver,4,338.1
Kia Cerato,2010,,2.0,petrol_lpg,manual,,black,5,883.1
Dena,2012,297500.0,1.7,petrol,manual,minor_paint,grey,5,351.7
Peugeot Pars,2025,38000.0,1.8,petrol,MANUAL,accident_repaired,silver,2,492.7
Quik,2020,135100.0,1.5,petrol_lpg,manual,intact, white ,4,263.6
Kia Cerato,2021,76500.0,2.0,petrol,manual,intact, red ,4,1759.2
Quik,2023,82400.0,1.5,petrol_lpg,automatic,intact,white,4,449.0
Kia Cerato,2017,,2.0,petrol,manual,major_paint,red,2,1150.8
Pride,2014,236000.0,1.3,petrol,manual,minor_paint,white,2,114.2
Shahin,2021,79700.0,1.5,petrol_lpg,automatic,intact,silver,2,798.8
Peugeot Pars,2024,15300.0,1.8,petrol,automatic,minor_paint,white,3,777.5
Tiba,2011,279000.0,1.5,petrol_lpg,automatic,intact,white,3,145.0
Tiba,2021,102800.0,1.5,petrol_lpg,manual,intact,blue,4,245.1
Dena,2012,244800.0,1.7,petrol,automatic,minor_paint,white,5,373.1
Tiba,2012,297600.0,1.5,petrol,manual,intact,white,3,139.3
Samand,2013,232200.0,1.8,petrol,automatic,major_paint,silver,2,221.1
Samand,2014,236200.0,1.8,petrol,automatic,minor_paint,red,2,283.6
Hyundai Accent,2024,29500.0,1.6,petrol,manual,minor_paint,grey,2,1692.0
Tiba,2009,285700.0,1.5,petrol,MANUAL,,grey,2,103.6
Samand,2019,97400.0,1.8,petrol,automatic,major_paint,black,3,304.4
Tiba,2019,102800.0,1.5,petrol,manual,minor_paint,red,2,203.1
Pride,2015,253500.0,1.3,petrol,manual,major_paint,blue,3,92.3
Pride,2007,340300.0,1.3,petrol,manual,major_paint,silver,3,60.0
Tiba,2021,77300.0,1.5,petrol,manual,minor_paint,white,4,252.6
Samand,2017,158300.0,1.8,petrol,automatic,accident_repaired,silver,3,251.0
Samand,2005,,1.8,petrol,automatic,major_paint,white,2,121.8
Peugeot Pars,2008,319200.0,1.8,petrol,manual,intact,grey,4,191.6
Toyota Corolla,2008,285200.0,1.8,petrol,manual,intact,black,1,1280.8
Tiba,2018,152400.0,1.5,petrol,automatic,minor_paint,grey,2,218.7
Quik,2013,250700.0,1.5,petrol,manual,major_paint,white,3,147.7
Quik,2009,286900.0,1.5,petrol,manual,intact,blue,1,170.9
Samand,2022,81300.0,1.8,petrol_lpg,manual,major_paint, red ,3,326.6
Peugeot 206,2025,20700.0,1.4,petrol,automatic,intact, silver ,4,635.7
Quik,2011,270300.0,1.5,petrol,manual,major_paint,silver,4,131.1
Kia Cerato,2005,384100.0,2.0,petrol,manual,major_paint,grey,3,641.3
Quik,2016,,1.5,petrol_lpg,manual,intact,black,5,213.4
Rana,2006,364000.0,1.6,petrol,AUTOMATIC,intact,white,2,185.0
Tiba,2007,356600.0,1.5,petrol_lpg,automatic,minor_paint,silver,4,80.6
Samand,2007,328300.0,1.8,petrol,manual,intact,black,4,155.2
Kia Cerato,2021,69900.0,2.0,petrol,manual,,white,3,1750.8
Toyota Corolla,2018,160600.0,1.8,petrol,manual,intact,red,1,1797.0
Pride,2021,98800.0,1.3,petrol,manual,minor_paint, black ,4,189.3
Peugeot 206,2010,321400.0,1.4,petrol_lpg,manual,,silver,5,188.6
Tiba,2018,137000.0,1.5,petrol,automatic,minor_paint,black,2,223.2
Toyota Corolla,2025,0.0,1.8,petrol,manual,major_paint,silver,5,2099.6
Peugeot 206,2006,359400.0,1.4,petrol,manual,major_paint,black,2,138.0
Kia Cerato,2024,15000.0,2.0,petrol,manual,intact, blue ,2,2381.3
Pride,2010,326200.0,1.3,petrol,manual,intact,black,5,79.6
Hyundai Accent,2024,72400.0,1.6,petrol_lpg,manual,minor_paint,red,4,1654.3
Peugeot 206,2021,82200.0,1.4,petrol,automatic,intact,black,4,545.8
Dena,2016,205500.0,1.7,petrol,manual,intact,black,3,489.6
Quik,2023,89700.0,1.5,petrol,automatic,accident_repaired,black,4,280.9
Dena,2006,336300.0,1.7,petrol,manual,major_paint,black,2,196.5
Toyota Corolla,2013,216600.0,1.8,petrol,automatic,intact,black,5,1607.6
Dena,2009,241700.0,1.7,petrol,manual,accident_repaired,white,4,218.3
Hyundai Accent,2023,69700.0,1.6,petrol,manual,major_paint,silver,4,1582.3
Samand,2009,276800.0,1.8,petrol,manual,major_paint,blue,1,148.1
Peugeot 206,2014,257600.0,1.4,petrol_lpg,manual,intact,black,1,286.4
Quik,2023,68400.0,1.5,petrol_lpg,manual,intact, silver ,1,438.0
Rana,2008,352400.0,1.6,petrol,manual,minor_paint,blue,2,170.7
Toyota Corolla,2025,12500.0,1.8,petrol,automatic,major_paint,white,4,2461.8
Hyundai Accent,2008,333200.0,1.6,petrol_lpg,manual,intact,red,3,787.9
Shahin,2009,,1.5,petrol,manual,minor_paint,white,2,332.2
Kia Cerato,2010,294000.0,2.0,petrol_lpg,manual,intact,white,5,1004.5
Peugeot Pars,2009,305600.0,1.8,petrol,manual,minor_paint, silver ,4,182.9
Rana,2017,178100.0,1.6,petrol,manual,minor_paint,grey,2,369.6
Dena,2018,129600.0,1.7,petrol,manual,major_paint,blue,2,386.3
Tiba,2018,154600.0,1.5,petrol,MANUAL,intact,white,4,218.6
Pride,2006,341600.0,1.3,petrol,automatic,minor_paint, silver ,5,61.9
Peugeot Pars,2013,240200.0,1.8,petrol,manual,minor_paint,black,2,270.4
Kia Cerato,2006,372500.0,2.0,petrol,manual,minor_paint,white,4,714.2
Tiba,2005,,1.5,petrol,manual,intact,silver,2,88.1
Toyota Corolla,2008,328400.0,1.8,petrol,manual,intact,black,2,1253.8
Hyundai Accent,2019,125100.0,1.6,petrol_lpg,manual,minor_paint, white ,5,1369.8
Dena,2006,375800.0,1.7,petrol,automatic,intact,grey,2,229.5
Hyundai Accent,2015,211800.0,1.6,petrol_lpg,MANUAL,intact,white,1,1258.1
Pride,2016,157900.0,1.3,petrol,manual,major_paint,silver,5,105.3
Shahin,2022,110000.0,1.5,petrol_lpg,manual,,silver,5,668.4
Peugeot 206,2024,12300.0,1.4,petrol,manual,accident_repaired,silver,1,409.9
Pride,2020,137100.0,1.3,petrol_lpg,manual,minor_paint,white,2,165.8
Dena,2019,138800.0,1.7,petrol,manual,accident_repaired,black,4,373.7
Dena,2018,180600.0,1.7,petrol,manual,intact,black,1,513.5
Samand,2011,297600.0,1.8,petrol,automatic,intact,black,1,227.3
Dena,2007,333900.0,1.7,petrol_lpg,manual,intact,black,4,289.6
Samand,2017,161000.0,1.8,petrol,automatic,intact,silver,5,367.3
Quik,2011,260000.0,1.5,petrol,manual,, white ,2,180.5
Shahin,2017,217000.0,1.5,petrol,automatic,minor_paint,silver,2,552.1
Tiba,2020,145000.0,1.5,petrol_lpg,manual,intact,white,3,231.0
Tiba,2024,36600.0,1.5,petrol,automatic,intact,black,2,395.9
Hyundai Accent,2006,362000.0,1.6,petrol_lpg,manual,accident_repaired,silver,2,381.0
Shahin,2020,100800.0,1.5,petrol_lpg,automatic,intact,red,1,715.4
Peugeot 206,2019,134400.0,1.4,petrol_lpg,automatic,minor_paint,white,5,372.6
Tiba,2026,28000.0,1.5,petrol,manual,intact,silver,5,318.9
Tiba,2026,,1.5,petrol,manual,intact,white,4,456.0
Pride,2023,0.0,1.3,petrol_lpg,manual,intact,black,5,225.6
Shahin,2018,147000.0,1.5,petrol,manual,intact,silver,3,596.5
Rana,2015,241000.0,1.6,petrol,manual,accident_repaired,white,3,204.8
Samand,2013,260200.0,1.8,petrol,automatic,major_paint,silver,1,241.6
Rana,2009,313000.0,1.6,petrol,automatic,intact,grey,4,253.0
Tiba,2023,58700.0,1.5,petrol,automatic,major_paint,black,5,260.2
Kia Cerato,2018,120500.0,2.0,petrol,manual,minor_paint,blue,4,1554.0
Peugeot 206,2026,2000.0,1.4,petrol,manual,accident_repaired,white,3,447.1
Quik,2020,96000.0,1.5,petrol,manual,minor_paint,silver,2,285.3
Tiba,2014,206100.0,1.5,petrol,MANUAL,major_paint,black,1,140.6
Peugeot Pars,2023,67500.0,1.8,petrol,manual,intact,black,4,570.1
Rana,2007,350600.0,1.6,petrol,automatic,accident_repaired,silver,4,130.5
Peugeot 206,2006,349200.0,1.4,petrol,manual,major_paint,blue,5,126.5
Peugeot 206,2014,191800.0,1.4,petrol,automatic,minor_paint,white,1,334.9
Peugeot Pars,2013,232000.0,1.8,petrol,manual,minor_paint,red,5,300.2
Samand,2026,,1.8,petrol,manual,accident_repaired,black,3,444.3
Pride,2023,87800.0,1.3,petrol,AUTOMATIC,minor_paint,white,5,229.8
Peugeot 206,2025,43700.0,1.4,petrol_lpg,automatic,major_paint,white,3,588.4
Quik,2007,370200.0,1.5,petrol,manual,minor_paint,blue,2,119.1
Peugeot 206,2016,204200.0,1.4,petrol_lpg,manual,intact,silver,2,339.1
Pride,2006,346900.0,1.3,petrol,automatic,accident_repaired,white,5,60.0
Shahin,2015,247600.0,1.5,petrol_lpg,manual,intact,white,5,423.6
Rana,2015,171600.0,1.6,petrol,manual,intact,silver,1,429.5
Kia Cerato,2023,80700.0,2.0,petrol_lpg,manual,major_paint,blue,2,1600.6
Kia Cerato,2020,131700.0,2.0,petrol_lpg,automatic,intact,white,5,1643.2
Toyota Corolla,2016,184900.0,1.8,petrol,MANUAL,intact,white,2,1743.7
Peugeot 206,2025,47700.0,1.4,petrol,manual,intact,blue,1,622.8
Shahin,2009,283400.0,1.5,petrol,manual,intact,black,4,278.6
Samand,2007,371800.0,1.8,petrol,automatic,intact,white,3,163.1
Hyundai Accent,2017,166000.0,1.6,petrol_lpg,manual,minor_paint,white,1,1390.3
Quik,2022,56600.0,1.5,petrol,manual,major_paint,blue,1,327.8
Quik,2015,171200.0,1.5,petrol,automatic,minor_paint,white,2,255.8
Dena,2019,131300.0,1.7,petrol_lpg,automatic,major_paint,silver,5,469.0
Peugeot 206,2016,139100.0,1.4,petrol,MANUAL,minor_paint,white,3,353.7
Dena,2024,63700.0,1.7,petrol,manual,intact,red,5,702.3
Peugeot Pars,2018,132700.0,1.8,petrol,manual,intact,black,2,443.2
Dena,2022,91800.0,1.7,petrol,manual,accident_repaired,silver,4,466.1
Kia Cerato,2024,42900.0,2.0,petrol,automatic,,silver,5,2618.1
Peugeot 206,2007,364700.0,1.4,petrol,manual,intact,white,4,162.7
Dena,2012,262500.0,1.7,petrol_lpg,automatic,accident_repaired,silver,2,275.5
Peugeot 206,2015,188300.0,1.4,petrol,manual,major_paint,black,4,229.7
Kia Cerato,2023,25600.0,2.0,petrol,automatic,intact,white,3,2770.3
Peugeot Pars,2010,307600.0,1.8,petrol,automatic,intact,white,1,293.6
Hyundai Accent,2010,280800.0,1.6,petrol,manual,intact,black,3,847.1
Hyundai Accent,2014,226800000.0,1.6,petrol_lpg,manual,major_paint,silver,3,846.5
Kia Cerato,2017,171100.0,2.0,petrol,automatic,major_paint,black,4,1458.1
Toyota Corolla,2026,11800.0,1.8,petrol,manual,minor_paint,silver,2,2719.2
Shahin,2014,220600.0,1.5,petrol_lpg,automatic,intact,grey,5,435.9
Hyundai Accent,2006,311100.0,1.6,petrol,manual,major_paint,white,5,611.7
Shahin,2026,9700.0,1.5,petrol,manual,intact,silver,5,1019.9
Peugeot Pars,2009,292400.0,1.8,petrol,automatic,minor_paint,white,2,231.7
Dena,2024,0.0,1.7,petrol,automatic,intact,white,3,966.8
Dena,2025,8900.0,1.7,petrol_lpg,manual,intact,silver,5,815.5
Peugeot 206,2011,264600.0,1.4,petrol,manual,intact,silver,4,194.6
Samand,2021,115800.0,1.8,petrol,MANUAL,intact,white,5,359.3
Toyota Corolla,2012,242400.0,1.8,petrol,manual,accident_repaired,silver,4,851.7
Hyundai Accent,2025,50300.0,1.6,petrol,manual,major_paint,grey,1,1530.8
Peugeot Pars,2017,194800.0,1.8,petrol,manual,minor_paint,white,1,401.4
Toyota Corolla,2016,218500.0,1.8,petrol,manual,major_paint,silver,1,1270.6
Toyota Corolla,2012,231900.0,1.8,petrol,manual,,grey,5,1174.0
Shahin,2013,242300.0,1.5,petrol,manual,intact,blue,5,361.0
Pride,2020,109800.0,1.3,petrol,manual,major_paint,black,1,174.6
Tiba,2012,237000.0,1.5,petrol,manual,major_paint,grey,2,113.5
Hyundai Accent,2023,64700.0,1.6,petrol,automatic,intact,grey,3,1984.8
Rana,2012,288400.0,1.6,petrol,automatic,minor_paint,silver,2,238.5
Tiba,2012,,1.5,petrol,manual,accident_repaired,blue,4,87.3
Pride,2022,97600.0,1.3,petrol,MANUAL,intact,white,4,232.5
Rana,2015,227300.0,1.6,petrol,manual,major_paint,grey,2,306.4
Samand,2006,368600.0,1.8,petrol,manual,minor_paint,white,1,152.0
Dena,2007,358800.0,1.7,petrol,manual,intact,white,5,226.1
Samand,2017,134100.0,1.8,petrol,manual,minor_paint,black,5,262.6
Kia Cerato,2019,125200.0,2.0,petrol,MANUAL,intact,red,3,1689.0
Pride,2013,229500.0,1.3,petrol,manual,intact,silver,5,110.9
Toyota Corolla,2007,277500.0,1.8,petrol_lpg,AUTOMATIC,minor_paint,white,2,1152.4
Quik,2014,268200.0,1.5,petrol_lpg,automatic,major_paint,grey,5,163.6
Shahin,2024,83200.0,1.5,petrol,manual,intact,silver,3,888.2
Samand,2017,141200.0,1.8,petrol,manual,minor_paint,white,3,343.6
Rana,2015,227800.0,1.6,petrol_lpg,manual,minor_paint,white,5,323.7
Quik,2025,32900.0,1.5,petrol,manual,minor_paint,black,2,419.1
Kia Cerato,2023,54300.0,2.0,petrol_lpg,manual,intact,black,1,2194.9
Toyota Corolla,2006,373900.0,1.8,petrol,automatic,accident_repaired,white,4,691.6
Kia Cerato,2022,40700.0,2.0,petrol,automatic,major_paint,white,5,1924.4
Rana,2020,101100.0,1.6,petrol,manual,major_paint,silver,4,379.4
Hyundai Accent,2011,269900.0,1.6,petrol,manual,intact,black,1,967.6
Hyundai Accent,2021,127000.0,1.6,petrol,manual,intact,black,3,1782.8
Peugeot 206,2024,68500.0,1.4,petrol,manual,intact,grey,1,608.8
Pride,2016,193100.0,1.3,petrol_lpg,manual,intact, black ,3,144.9
Kia Cerato,2026,0.0,2.0,petrol,manual,intact,white,3,2655.7
Dena,2024,6900.0,1.7,petrol,automatic,major_paint,silver,4,784.9
Peugeot 206,2024,24800.0,1.4,petrol,automatic,major_paint,white,5,577.8
Rana,2017,145100.0,1.6,petrol,manual,accident_repaired,blue,3,288.4
Kia Cerato,2017,163500.0,2.0,petrol,manual,intact,red,5,1443.8
Rana,2008,291400.0,1.6,petrol,manual,intact,red,2,203.5
Peugeot Pars,2024,66000.0,1.8,petrol_lpg,manual,major_paint,white,4,496.2
Pride,2013,256800.0,1.3,petrol,manual,intact,red,1,118.3
Quik,2021,123100.0,1.5,petrol,manual,intact,black,1,357.4
Pride,2019,187800.0,1.3,petrol,automatic,intact,white,4,205.4
Quik,2008,,1.5,petrol,MANUAL,minor_paint,silver,1,139.8
Shahin,2014,222900.0,1.5,petrol,automatic,,blue,5,417.1
Samand,2021,96200.0,1.8,petrol,manual,intact,red,5,447.2
Shahin,2013,234200.0,1.5,petrol_lpg,automatic,intact,white,2,490.7
Shahin,2018,175600.0,1.5,petrol,manual,intact,blue,5,535.9
Tiba,2026,0.0,1.5,petrol,manual,major_paint,grey,5,320.2
Dena,2008,348400.0,1.7,petrol,manual,intact,black,4,246.4
Shahin,2024,67600.0,1.5,petrol,MANUAL,minor_paint,white,2,689.9
Peugeot Pars,2014,207700.0,1.8,petrol,manual,intact,white,3,336.1
Dena,2015,203800.0,1.7,petrol,automatic,minor_paint,white,4,499.4
Dena,2025,18700.0,1.7,petrol,MANUAL,minor_paint,black,4,781.8
Peugeot Pars,2026,3600.0,1.8,petrol,manual,major_paint,white,4,710.6
Quik,2018,133400.0,1.5,petrol_lpg,manual,intact,blue,4,255.4
Peugeot Pars,2013,228800.0,1.8,petrol,manual,intact,silver,4,302.5
Hyundai Accent,2011,252600.0,1.6,petrol,automatic,minor_paint,blue,1,956.1
Toyota Corolla,2014,254800.0,1.8,petrol,automatic,intact,black,2,2022.5
Peugeot 206,2017,81800.0,1.4,petrol,automatic,minor_paint,white,4,397.2
Tiba,2014,206500.0,1.5,petrol,manual,minor_paint,white,5,153.6
Kia Cerato,2018,165000.0,2.0,petrol_lpg,manual,intact,grey,3,1533.0
Rana,2021,106800.0,1.6,petrol,manual,intact,blue,1,546.6
Samand,2012,218900.0,1.8,petrol,manual,intact,black,1,224.9
Toyota Corolla,2017,215200.0,1.8,petrol_lpg,manual,intact,black,1,1714.8
Peugeot Pars,2009,304100.0,1.8,petrol,automatic,intact,black,5,227.6
Dena,2018,213800.0,1.7,petrol,AUTOMATIC,accident_repaired,blue,3,351.7
Hyundai Accent,2025,40900.0,1.6,petrol,MANUAL,accident_repaired,grey,3,1437.2
Dena,2024,38900.0,1.7,petrol,automatic,major_paint,blue,4,756.0
Peugeot Pars,2024,31100.0,1.8,petrol_lpg,automatic,minor_paint,black,5,569.7
Tiba,2017,155400.0,1.5,petrol,manual,intact,black,1,241.5
Pride,2022,83800.0,1.3,petrol,automatic,minor_paint, silver ,1,233.3
Hyundai Accent,2024,19800.0,1.6,petrol,manual,, silver ,3,1768.4
Rana,2018,143900.0,1.6,petrol,manual,intact,black,2,455.9
Kia Cerato,2015,233400.0,2.0,petrol_lpg,manual,,grey,2,1108.2
Tiba,2015,280500.0,1.5,petrol,manual,intact,white,3,148.9
Tiba,2018,110500.0,1.5,petrol,manual,major_paint,black,1,213.1
Rana,2024,38000.0,1.6,petrol,manual,,white,2,466.4
Samand,2012,256700.0,1.8,petrol,manual,intact,blue,1,247.3
Pride,2019,157800.0,1.3,petrol,manual,minor_paint,white,3,164.3
Tiba,2023,66500.0,1.5,petrol,manual,intact,white,1,355.5
Rana,2020,,1.6,petrol_lpg,manual,,silver,4,540.1
Quik,2009,300600.0,1.5,petrol,manual,minor_paint,black,1,143.4
Toyota Corolla,2008,336000.0,1.8,petrol,MANUAL,intact,silver,4,1158.1
Peugeot Pars,2019,151800.0,1.8,petrol,manual,intact,white,3,497.9
Tiba,2017,164600.0,1.5,petrol_lpg,manual,minor_paint,blue,5,178.0
Peugeot 206,2019,114300.0,1.4,petrol,manual,minor_paint,blue,2,441.3
Kia Cerato,2008,,2.0,petrol,manual,accident_repaired,silver,2,618.2
Shahin,2021,77700.0,1.5,petrol,MANUAL,intact,white,5,628.3
Toyota Corolla,2015,206000.0,1.8,petrol_lpg,automatic,intact,white,5,1863.3
Quik,2025,35300.0,1.5,petrol,manual,,white,5,387.1
Hyundai Accent,2019,143300.0,1.6,petrol,manual,intact,white,4,1448.3
Toyota Corolla,2009,336200.0,1.8,petrol_lpg,automatic,intact,grey,3,1113.1
Hyundai Accent,2009,308600.0,1.6,petrol_lpg,manual,minor_paint,grey,3,746.7
Peugeot 206,2022,,1.4,petrol,automatic,intact,white,3,619.9
Samand,2010,,1.8,petrol,manual,major_paint,grey,5,127.1
Hyundai Accent,2020,121300.0,1.6,petrol,MANUAL,major_paint,black,5,1032.7
Pride,2019,129400.0,1.3,petrol_lpg,manual,intact,blue,5,147.5
Peugeot 206,2022,96000.0,1.4,petrol,manual,minor_paint,white,1,517.8
Shahin,2014,181400.0,1.5,petrol_lpg,automatic,intact,black,5,428.9
Peugeot Pars,2024,36900.0,1.8,petrol,manual,intact,blue,2,612.3
Samand,2010,305700.0,1.8,petrol,automatic,minor_paint,silver,5,158.8
Shahin,2007,358300.0,1.5,petrol,automatic,intact,silver,2,285.7
Hyundai Accent,2020,99700.0,1.6,petrol,automatic,intact,grey,2,1646.4
Hyundai Accent,2005,431800.0,1.6,petrol,manual,major_paint,silver,5,434.5
Hyundai Accent,2009,292600.0,1.6,petrol,automatic,intact,silver,5,707.9
Pride,2021,93500.0,1.3,petrol,manual,intact,white,1,209.2
Dena,2009,334000.0,1.7,petrol,manual,minor_paint,grey,2,285.3
Hyundai Accent,2021,94700.0,1.6,petrol,automatic,intact,silver,4,1825.4
Peugeot 206,2026,30400.0,1.4,petrol_lpg,manual,intact,grey,3,603.9
Dena,2008,333900.0,1.7,petrol,manual,intact,blue,5,233.6
Tiba,2007,322900.0,1.5,petrol,manual,minor_paint, grey ,4,80.8
Rana,2022,85700.0,1.6,petrol,manual,minor_paint,white,3,602.0
Tiba,2006,325900.0,1.5,petrol,automatic,major_paint,white,1,91.6
Pride,2010,298100.0,1.3,petrol,manual,minor_paint,silver,5,79.0
Pride,2009,301600.0,1.3,petrol,automatic,intact,grey,1,94.2
Kia Cerato,2016,185400.0,2.0,petrol,automatic,intact,silver,2,1538.0
Dena,2016,190000.0,1.7,petrol,manual,intact, silver ,2,538.6
Peugeot Pars,2020,177300.0,1.8,petrol,automatic,intact,silver,1,480.6
Hyundai Accent,2022,55600.0,1.6,petrol,manual,intact,black,3,2140.7
Toyota Corolla,2011,315200.0,1.8,petrol,manual,minor_paint, blue ,3,1046.2
Peugeot 206,2016,171200.0,1.4,petrol,manual,minor_paint,white,4,330.8
Samand,2011,272400.0,1.8,petrol,automatic,intact,white,3,234.7
Peugeot Pars,2008,324700.0,1.8,petrol,manual,,silver,4,192.7
Tiba,2023,103600.0,1.5,petrol,MANUAL,intact,white,3,347.6
Peugeot Pars,2005,387300.0,1.8,petrol,automatic,intact,white,1,213.8
Toyota Corolla,2009,309400.0,1.8,petrol,manual,intact,black,2,1463.9
Peugeot Pars,2025,0.0,1.8,petrol_lpg,manual,intact,silver,5,617.4
Kia Cerato,2013,233100.0,2.0,petrol,AUTOMATIC,accident_repaired,white,3,948.5
Shahin,2011,279300.0,1.5,petrol,manual,intact,white,3,367.2
Peugeot 206,2023,81600.0,1.4,petrol,manual,intact,black,5,507.4
Tiba,2005,327800.0,1.5,petrol,MANUAL,intact,grey,4,74.9
Tiba,2007,322900.0,1.5,petrol,MANUAL,major_paint,red,2,71.9
Peugeot 206,2013,248000.0,1.4,petrol_lpg,manual,major_paint,white,2,225.2
Pride,2022,109800.0,1.3,petrol,manual,accident_repaired,silver,4,146.8
Samand,2014,281600.0,1.8,petrol,manual,intact,black,3,236.2
Rana,2012,248100.0,1.6,petrol,manual,minor_paint, black ,5,246.3
Peugeot 206,2013,246200.0,1.4,petrol,manual,minor_paint,white,4,249.0
Shahin,2025,0.0,1.5,petrol,manual,major_paint,red,4,779.4
Toyota Corolla,2025,0.0,1.8,petrol,MANUAL,major_paint,black,4,2309.4
Toyota Corolla,2017,183500.0,1.8,petrol,MANUAL,minor_paint,silver,5,1603.2
Shahin,2016,178900.0,1.5,petrol,manual,accident_repaired,red,2,374.5
Tiba,2015,,1.5,petrol,automatic,minor_paint,white,3,182.7
Dena,2012,291600.0,1.7,petrol,manual,intact,white,4,384.1
Rana,2019,95700.0,1.6,petrol,manual,intact,silver,5,383.4
Pride,2005,394300.0,1.3,petrol,AUTOMATIC,intact,black,3,68.5
Tiba,2023,49100.0,1.5,petrol,automatic,major_paint,grey,5,278.8
Kia Cerato,2011,265700.0,2.0,petrol,manual,intact,silver,1,1195.6
Dena,2013,222100.0,1.7,petrol,manual,minor_paint,white,4,392.3
Quik,2013,239700.0,1.5,petrol,manual,intact,black,4,178.7
Shahin,2020,112600.0,1.5,petrol,manual,intact,grey,2,655.6
Peugeot Pars,2016,166100.0,1.8,petrol_lpg,manual,minor_paint,white,1,349.2
Tiba,2008,289900.0,1.5,petrol,manual,minor_paint,blue,2,103.4
Peugeot Pars,2005,389200.0,1.8,petrol,manual,minor_paint,grey,1,156.2
Toyota Corolla,2012,269200.0,1.8,petrol,manual,minor_paint,white,2,1446.6
Peugeot 206,2017,143500.0,1.4,petrol_lpg,automatic,accident_repaired,black,2,286.1
Toyota Corolla,2006,349500.0,1.8,petrol,manual,accident_repaired,grey,1,660.3
Tiba,2023,65200.0,1.5,petrol,manual,intact,blue,2,317.6
Quik,2010,265200.0,1.5,petrol,manual,intact,black,3,167.4
Toyota Corolla,2015,202200.0,1.8,petrol,MANUAL,minor_paint,black,5,1346.6
Dena,2008,373000.0,1.7,petrol,automatic,minor_paint,red,5,243.4
Samand,2022,,1.8,petrol,MANUAL,minor_paint,white,2,460.2
Kia Cerato,2017,208800.0,2.0,petrol,manual,intact,red,4,1396.5
Dena,2020,106600.0,1.7,petrol,manual,intact,white,1,732.8
Kia Cerato,2021,104300.0,2.0,petrol_lpg,automatic,intact,white,3,1999.8
Pride,2017,165500.0,1.3,petrol,manual,intact,black,2,165.3
Peugeot Pars,2008,342100.0,1.8,petrol,manual,accident_repaired,white,4,126.6
Rana,2022,66100.0,1.6,petrol,manual,intact,red,1,539.7
Peugeot Pars,2014,223400.0,1.8,petrol,manual,minor_paint,grey,3,294.8
Quik,2008,333000.0,1.5,petrol_lpg,manual,intact,silver,4,121.1
Quik,2010,310800.0,1.5,petrol,manual,minor_paint,blue,2,125.3
Peugeot Pars,2014,211200.0,1.8,petrol,manual,major_paint,blue,4,276.3
Quik,2026,5100.0,1.5,petrol,automatic,major_paint,red,3,418.5
Toyota Corolla,2007,387400.0,1.8,petrol_lpg,manual,major_paint,white,4,749.3
Tiba,2023,81700.0,1.5,petrol_lpg,manual,minor_paint,black,3,282.3
Toyota Corolla,2024,30900.0,1.8,petrol,automatic,minor_paint,white,5,2824.9
Peugeot 206,2009,329300.0,1.4,petrol,manual,minor_paint,silver,5,161.1
Peugeot 206,2005,375000.0,1.4,petrol,manual,minor_paint,white,5,137.2
Samand,2006,355500.0,1.8,petrol,manual,intact,grey,5,117.9
Peugeot 206,2006,392200.0,1.4,petrol,manual,,black,2,92.3
Kia Cerato,2005,384700.0,2.0,petrol,manual,major_paint,red,4,559.4
Peugeot Pars,2017,171400.0,1.8,petrol,manual,intact,silver,3,341.8
Pride,2018,145300.0,1.3,petrol,manual,intact,white,5,151.5
Toyota Corolla,2023,42300.0,1.8,petrol,manual,intact,black,5,2810.4
Samand,2005,338300.0,1.8,petrol,automatic,intact,black,2,155.4
Peugeot Pars,2020,94200.0,1.8,petrol,manual,intact,white,5,479.7
Peugeot 206,2010,284900000.0,1.4,petrol_lpg,manual,intact,white,5,201.6
Samand,2006,367500.0,1.8,petrol,MANUAL,minor_paint,white,1,147.8
Samand,2023,57800.0,1.8,petrol,MANUAL,intact,white,1,524.5
Dena,2016,199900.0,1.7,petrol_lpg,manual,intact,blue,3,454.3
Peugeot Pars,2014,219500.0,1.8,petrol,manual,intact,silver,2,317.3
Shahin,2012,297400.0,1.5,petrol,manual,accident_repaired, grey ,2,246.8
Peugeot 206,2019,86200.0,1.4,petrol,automatic,intact,white,5,440.7
Kia Cerato,2025,42600.0,2.0,petrol,manual,minor_paint,red,4,2034.3
Samand,2023,50000.0,1.8,petrol,manual,major_paint,grey,1,368.4
Samand,2011,293200.0,1.8,petrol_lpg,automatic,intact,silver,5,197.7
Peugeot Pars,2005,400600.0,1.8,petrol,automatic,major_paint,white,5,162.7
Samand,2015,176100.0,1.8,petrol,manual,intact,white,4,276.8
Tiba,2010,304200.0,1.5,petrol,automatic,major_paint,grey,2,97.9
Hyundai Accent,2014,211100.0,1.6,petrol,automatic,accident_repaired,black,5,821.9
Kia Cerato,2009,345300.0,2.0,petrol,automatic,accident_repaired,silver,4,590.2
Dena,2025,,1.7,petrol,automatic,major_paint,white,4,716.2
Quik,2012,284500.0,1.5,petrol_lpg,MANUAL,minor_paint,black,1,176.1
Toyota Corolla,2005,377700.0,1.8,petrol,manual,major_paint,black,1,828.4
Hyundai Accent,2015,193500.0,1.6,petrol,manual,major_paint,black,2,956.6
Dena,2023,36000.0,1.7,petrol_lpg,manual,intact,silver,3,673.8
Dena,2022,64700.0,1.7,petrol,manual,intact,white,3,713.9
Peugeot 206,2023,47700.0,1.4,petrol,automatic,intact,black,2,647.3
Peugeot Pars,2024,36700.0,1.8,petrol,manual,major_paint,black,2,566.5
Pride,2010,283400.0,1.3,petrol,manual,intact,silver,3,104.4
Samand,2011,292500.0,1.8,petrol_lpg,manual,intact,silver,5,156.8
Samand,2015,159900.0,1.8,petrol,manual,minor_paint, silver ,3,256.8
Kia Cerato,2006,385600.0,2.0,petrol,manual,major_paint,white,1,592.4
Quik,2005,393600.0,1.5,petrol_lpg,manual,major_paint,grey,4,84.1
Kia Cerato,2009,291300.0,2.0,petrol,automatic,intact,white,1,1205.0
Dena,2017,139800.0,1.7,petrol_lpg,MANUAL,intact,silver,3,490.2
Tiba,2017,176900.0,1.5,petrol,manual,intact,blue,1,185.7
Peugeot 206,2010,302700.0,1.4,petrol,manual,intact,blue,5,211.2
Hyundai Accent,2014,226200.0,1.6,petrol,automatic,intact,white,4,1194.4
Samand,2008,,1.8,petrol,manual,minor_paint,white,5,146.0
Peugeot 206,2015,212400.0,1.4,petrol,manual,accident_repaired,red,3,213.6
Tiba,2015,173600.0,1.5,petrol,manual,accident_repaired,grey,1,128.8
Pride,2013,,1.3,petrol_lpg,manual,intact,blue,2,105.6
Hyundai Accent,2018,81600.0,1.6,petrol,automatic,intact,silver,4,1808.4
Pride,2007,347900.0,1.3,petrol,automatic,accident_repaired,silver,1,60.0
Peugeot Pars,2019,180800.0,1.8,petrol,manual,minor_paint,black,2,400.0
Hyundai Accent,2018,180200.0,1.6,petrol,manual,intact,red,1,1401.0
Shahin,2010,266100000.0,1.5,petrol,AUTOMATIC,intact, silver ,5,432.8
Kia Cerato,2016,187900.0,2.0,petrol,automatic,intact,black,1,1613.6
Shahin,2013,283900.0,1.5,petrol_lpg,automatic,,silver,4,294.2
Peugeot Pars,2023,57300.0,1.8,petrol,automatic,major_paint,white,4,555.7
Rana,2020,115800.0,1.6,petrol_lpg,manual,minor_paint,white,4,379.6
Peugeot Pars,2016,223700.0,1.8,petrol,manual,major_paint,grey,3,242.9
Tiba,2025,0.0,1.5,petrol,AUTOMATIC,intact,red,3,374.1
Kia Cerato,2021,100600.0,2.0,petrol,manual,accident_repaired,silver,5,1280.3
Toyota Corolla,2010,242900.0,1.8,petrol,manual,intact,red,2,1436.8
Toyota Corolla,2018,104900.0,1.8,petrol,manual,intact,grey,4,2217.1
Hyundai Accent,2007,351300.0,1.6,petrol,manual,minor_paint,white,3,673.7
Peugeot 206,2008,381400.0,1.4,petrol,automatic,major_paint,silver,4,174.9
Toyota Corolla,2016,191900.0,1.8,petrol,automatic,intact,white,5,1844.5
Toyota Corolla,2006,353600.0,1.8,petrol_lpg,manual,intact,white,5,950.9
Kia Cerato,2014,,2.0,petrol,manual,minor_paint, blue ,3,1116.1
Peugeot 206,2019,158400.0,1.4,petrol,automatic,minor_paint,red,5,384.5
Hyundai Accent,2018,138400.0,1.6,petrol,MANUAL,intact,white,4,1318.9
Quik,2008,327400.0,1.5,petrol_lpg,manual,accident_repaired, black ,3,79.5
Rana,2023,49800.0,1.6,petrol,manual,minor_paint,black,3,459.4
Kia Cerato,2024,54000.0,2.0,petrol,manual,major_paint,white,4,1847.5
Peugeot Pars,2011,281100.0,1.8,petrol,manual,intact,grey,4,240.4
Samand,2016,192600.0,1.8,petrol,manual,intact,black,1,283.9
Toyota Corolla,2009,298400.0,1.8,petrol,manual,minor_paint,silver,2,1036.2
Kia Cerato,2010,337400.0,2.0,petrol,manual,intact,silver,2,995.5
Kia Cerato,2005,336900.0,2.0,petrol,MANUAL,intact,black,1,886.3
Hyundai Accent,2026,0.0,1.6,petrol,manual,intact,white,1,2494.9
Hyundai Accent,2005,425900.0,1.6,petrol,manual,intact,silver,2,517.3
Toyota Corolla,2023,81100.0,1.8,petrol,manual,intact, white ,2,2517.6
Tiba,2005,364900.0,1.5,petrol,manual,accident_repaired,white,1,60.2
Peugeot 206,2005,402900.0,1.4,petrol,automatic,minor_paint,red,3,149.6
Samand,2012,237800.0,1.8,petrol,automatic,major_paint,white,1,203.9
Dena,2011,280300.0,1.7,petrol,manual,minor_paint,white,2,379.1
Tiba,2021,90800.0,1.5,petrol,automatic,intact,grey,4,305.9
Dena,2012,286400.0,1.7,petrol,manual,intact,silver,4,325.2
Peugeot Pars,2013,,1.8,petrol,automatic,intact,white,3,393.8
Hyundai Accent,2013,240800.0,1.6,petrol,MANUAL,minor_paint,black,3,941.2
Kia Cerato,2008,313500.0,2.0,petrol,manual,intact,silver,2,969.0
Toyota Corolla,2012,263000.0,1.8,petrol,manual,,white,3,1166.7
Shahin,2020,132000.0,1.5,petrol,manual,major_paint, grey ,1,548.6
Toyota Corolla,2013,245300.0,1.8,petrol,manual,accident_repaired,black,2,1024.9
Dena,2011,301100.0,1.7,petrol,MANUAL,minor_paint, white ,2,332.1
Peugeot Pars,2008,338800.0,1.8,petrol_lpg,manual,intact,white,5,191.7
Peugeot 206,2015,184800.0,1.4,petrol_lpg,AUTOMATIC,intact,white,5,335.4
Dena,2015,93300.0,1.7,petrol,automatic,accident_repaired,black,2,408.7
Tiba,2022,49800.0,1.5,petrol,manual,accident_repaired,red,4,198.9
Rana,2026,13600.0,1.6,petrol_lpg,manual,minor_paint,black,2,758.0
Shahin,2017,151900.0,1.5,petrol,manual,intact,blue,1,596.9
Tiba,2011,287000.0,1.5,petrol,MANUAL,minor_paint,grey,1,121.8
Hyundai Accent,2007,342900.0,1.6,petrol,automatic,intact,white,4,809.9
Peugeot Pars,2014,202400.0,1.8,petrol,manual,intact,red,5,297.9
Dena,2021,110300.0,1.7,petrol,manual,major_paint,grey,4,500.9
Quik,2026,51300.0,1.5,petrol,manual,major_paint,white,3,379.4
Hyundai Accent,2022,,1.6,petrol,manual,major_paint,silver,2,1324.6
Quik,2007,337000.0,1.5,petrol,automatic,major_paint,red,4,95.8
Rana,2021,76800.0,1.6,petrol,manual,minor_paint,white,5,454.9
Hyundai Accent,2009,255900.0,1.6,petrol,manual,intact,grey,5,859.3
Samand,2011,258900.0,1.8,petrol,manual,minor_paint,white,3,210.5
Quik,2008,312300.0,1.5,petrol,automatic,minor_paint, white ,3,136.1
Toyota Corolla,2009,306300.0,1.8,petrol,automatic,intact,white,4,1153.2
Tiba,2021,131200.0,1.5,petrol_lpg,manual,intact,silver,2,238.6
Pride,2021,,1.3,petrol_lpg,manual,accident_repaired, black ,1,142.8
Peugeot Pars,2016,178100.0,1.8,petrol_lpg,manual,accident_repaired,white,1,243.8
Tiba,2006,352100.0,1.5,petrol_lpg,automatic,major_paint,white,1,90.0
Peugeot 206,2014,186800.0,1.4,petrol,automatic,intact,silver,4,311.9
Pride,2018,147600.0,1.3,petrol,manual,minor_paint,white,3,141.2
Pride,2018,185200.0,1.3,petrol_lpg,manual,intact,black,4,153.5
Pride,2010,289300.0,1.3,petrol_lpg,automatic,intact,black,2,93.2
Samand,2014,221300.0,1.8,petrol,automatic,intact,silver,1,326.0
Kia Cerato,2016,203100.0,2.0,petrol_lpg,automatic,intact,black,2,1759.1
Rana,2013,284300.0,1.6,petrol_lpg,AUTOMATIC,intact,black,2,292.2
Pride,2012,249400.0,1.3,petrol,automatic,minor_paint,blue,4,112.9
Tiba,2014,253600.0,1.5,petrol_lpg,manual,intact, silver ,5,136.8
Pride,2018,149200.0,1.3,petrol,manual,intact,black,2,163.8
Tiba,2019,,1.5,petrol,manual,accident_repaired,white,4,160.5
Peugeot 206,2016,153400.0,1.4,petrol_lpg,manual,minor_paint,white,4,317.8
Peugeot 206,2021,92700.0,1.4,petrol,manual,accident_repaired,black,5,292.4
Hyundai Accent,2019,166400.0,1.6,petrol,MANUAL,intact,blue,1,1450.7
Hyundai Accent,2025,32000.0,1.6,petrol,automatic,accident_repaired,grey,1,1491.9
Rana,2022,72400.0,1.6,petrol,manual,minor_paint,white,5,483.0
Rana,2006,341100.0,1.6,petrol,manual,intact,black,4,193.5
Peugeot 206,2011,249300.0,1.4,petrol,manual,major_paint,black,2,225.8
Quik,2025,,1.5,petrol,automatic,intact,white,4,469.6
Shahin,2005,389200.0,1.5,petrol,manual,intact,black,2,263.8
Tiba,2006,327300.0,1.5,petrol_lpg,manual,major_paint,white,5,68.2
Samand,2019,146000.0,1.8,petrol,manual,major_paint,black,1,280.3
Samand,2022,126700.0,1.8,petrol,manual,intact,silver,1,468.9
Peugeot Pars,2015,211400.0,1.8,petrol,manual,intact,grey,2,335.0
Peugeot 206,2024,0.0,1.4,petrol_lpg,manual,intact,black,4,542.3
Tiba,2026,20600.0,1.5,petrol,automatic,major_paint,white,1,369.8
Samand,2006,339000.0,1.8,petrol,automatic,minor_paint,white,3,171.8
Peugeot 206,2005,377200.0,1.4,petrol,manual,accident_repaired,black,3,101.6
Samand,2017,,1.8,petrol,manual,intact,silver,1,389.8
Dena,2022,85700.0,1.7,petrol,manual,major_paint,white,4,623.6
Dena,2009,,1.7,petrol,manual,minor_paint,silver,2,294.7
Dena,2005,402400.0,1.7,petrol_lpg,MANUAL,major_paint,white,5,157.6
Toyota Corolla,2017,249300.0,1.8,petrol,manual,intact,black,2,1639.5
Quik,2024,10700.0,1.5,petrol_lpg,MANUAL,intact,white,3,428.2
Kia Cerato,2007,312600.0,2.0,petrol_lpg,manual,intact,blue,3,787.5
Hyundai Accent,2022,102700.0,1.6,petrol,manual,minor_paint,grey,3,1642.5
Hyundai Accent,2009,,1.6,petrol,manual,accident_repaired,blue,4,502.0
Dena,2018,127800000.0,1.7,petrol_lpg,automatic,intact, white ,3,542.4
Kia Cerato,2007,283000.0,2.0,petrol_lpg,manual,intact,white,1,982.5
Tiba,2016,215000.0,1.5,petrol,manual,intact,white,1,209.3
Toyota Corolla,2012,250500.0,1.8,petrol,manual,intact,white,1,1482.0
Rana,2005,373500.0,1.6,petrol_lpg,manual,intact,white,4,162.0
Pride,2009,308300.0,1.3,petrol,MANUAL,accident_repaired,black,5,60.0
Shahin,2008,379000.0,1.5,petrol,manual,minor_paint,silver,4,264.6
Peugeot Pars,2025,10200.0,1.8,petrol,manual,intact, silver ,3,689.1
Shahin,2011,251500.0,1.5,petrol,manual,intact,silver,5,355.2
Kia Cerato,2019,138300.0,2.0,petrol,automatic,intact,white,5,1925.8
Kia Cerato,2025,32000.0,2.0,petrol,manual,intact,white,2,2541.4
Tiba,2024,61000.0,1.5,petrol_lpg,manual,,grey,4,339.7
Pride,2013,272500.0,1.3,petrol,manual,major_paint,silver,2,95.4
Pride,2025,5000.0,1.3,petrol,manual,minor_paint,silver,4,268.3
Tiba,2020,113400.0,1.5,petrol_lpg,manual,minor_paint,blue,4,217.3
Kia Cerato,2016,166700.0,2.0,petrol,manual,intact,grey,5,1450.6
Tiba,2013,226600.0,1.5,petrol_lpg,manual,intact,white,5,150.1
Kia Cerato,2015,211800.0,2.0,petrol,manual,intact,black,4,1324.2
Quik,2020,125800.0,1.5,petrol,automatic,major_paint,silver,2,293.0
Peugeot 206,2006,322800.0,1.4,petrol,manual,intact,silver,5,162.4
Dena,2017,188100.0,1.7,petrol,manual,minor_paint,white,4,447.5
Pride,2010,,1.3,petrol,manual,minor_paint,silver,1,86.2
Dena,2024,87000.0,1.7,petrol_lpg,manual,major_paint,black,1,670.4
Quik,2016,209300.0,1.5,petrol,manual,intact,blue,5,229.9
Peugeot 206,2015,239700.0,1.4,petrol,MANUAL,intact,white,1,318.4
Hyundai Accent,2008,306200.0,1.6,petrol,manual,minor_paint,grey,1,713.4
Dena,2008,303700.0,1.7,petrol,manual,intact,white,3,314.3
Toyota Corolla,2012,247100.0,1.8,petrol_lpg,manual,minor_paint,white,5,1318.0
Kia Cerato,2012,267400.0,2.0,petrol,manual,intact,silver,1,1257.9
Tiba,2021,102100.0,1.5,petrol,manual,intact,white,3,287.6
Tiba,2011,,1.5,petrol,automatic,intact,silver,5,130.9
Hyundai Accent,2011,263700.0,1.6,petrol,automatic,minor_paint,black,1,1045.3
Quik,2023,82800.0,1.5,petrol,automatic,intact,silver,3,459.5
Toyota Corolla,2026,,1.8,petrol,automatic,intact,silver,4,3255.8
Hyundai Accent,2024,41100.0,1.6,petrol_lpg,automatic,intact,white,5,2205.2
Tiba,2020,140800.0,1.5,petrol_lpg,MANUAL,minor_paint,red,3,212.3
Rana,2012,222100.0,1.6,petrol,manual,intact,silver,5,270.1
Dena,2021,,1.7,petrol_lpg,automatic,intact,red,5,637.9
Toyota Corolla,2016,167000000.0,1.8,petrol,manual,minor_paint,blue,1,1466.2
Toyota Corolla,2018,166900.0,1.8,petrol,automatic,accident_repaired,red,1,1388.7
Hyundai Accent,2012,239700.0,1.6,petrol,automatic,intact,black,3,1301.8
Pride,2006,383200.0,1.3,petrol,automatic,minor_paint,silver,4,60.0
Toyota Corolla,2025,0.0,1.8,petrol,manual,intact,blue,1,3026.7
Samand,2010,294100.0,1.8,petrol,manual,minor_paint, white ,1,157.1
Pride,2013,217400.0,1.3,petrol,manual,accident_repaired,red,5,60.6
Kia Cerato,2020,99800.0,2.0,petrol,MANUAL,intact,red,4,1696.2
Toyota Corolla,2019,118000.0,1.8,petrol_lpg,automatic,minor_paint,black,4,2109.2
Toyota Corolla,2011,284300.0,1.8,petrol_lpg,automatic,minor_paint,black,2,1459.2
Peugeot Pars,2009,300800.0,1.8,petrol,manual,intact,white,3,229.2
Samand,2005,374000.0,1.8,petrol,manual,major_paint,black,2,105.8
Quik,2018,165300.0,1.5,petrol,manual,major_paint,silver,1,212.8
Peugeot Pars,2014,192100.0,1.8,petrol,manual,minor_paint,white,3,381.0
Dena,2012,257100.0,1.7,petrol,manual,major_paint,grey,1,230.3
Peugeot Pars,2018,109900.0,1.8,petrol,manual,intact,silver,3,435.9
Kia Cerato,2007,351500.0,2.0,petrol,automatic,minor_paint,white,1,982.6
Kia Cerato,2017,188500.0,2.0,petrol,automatic,major_paint,silver,2,1347.4
Tiba,2022,111800.0,1.5,petrol,AUTOMATIC,intact,white,3,323.7
Samand,2017,185200.0,1.8,petrol,manual,major_paint,black,5,250.7
Quik,2016,165800.0,1.5,petrol,manual,intact,grey,2,228.2
Quik,2006,347300.0,1.5,petrol_lpg,AUTOMATIC,minor_paint,silver,1,135.9
Dena,2017,156400.0,1.7,petrol,automatic,major_paint,grey,2,461.7
Peugeot Pars,2023,0.0,1.8,petrol_lpg,manual,intact,blue,5,519.8
Hyundai Accent,2016,219300.0,1.6,petrol,manual,minor_paint,silver,3,1133.1
Quik,2014,216100.0,1.5,petrol_lpg,MANUAL,minor_paint,white,1,179.7
Peugeot 206,2023,27500.0,1.4,petrol,manual,minor_paint,blue,4,524.4
Quik,2012,290800.0,1.5,petrol,manual,intact,grey,3,164.5
Kia Cerato,2007,350300.0,2.0,petrol,manual,intact,silver,1,901.4
Kia Cerato,2017,205900.0,2.0,petrol,AUTOMATIC,intact,white,2,1515.3
Tiba,2007,330700.0,1.5,petrol,manual,intact,silver,2,106.4
Toyota Corolla,2024,61900.0,1.8,petrol,automatic,major_paint,black,2,2677.2
Peugeot Pars,2010,309200.0,1.8,petrol,automatic,minor_paint, silver ,3,253.5
Quik,2011,229500.0,1.5,petrol,automatic,accident_repaired,black,3,139.4
Samand,2021,24700.0,1.8,petrol_lpg,manual,,black,1,345.6
Tiba,2012,223400.0,1.5,petrol,manual,intact,red,4,148.2
Quik,2007,381600.0,1.5,petrol,manual,accident_repaired,white,3,89.1
Dena,2009,275800.0,1.7,petrol,manual,intact,silver,3,331.1
Tiba,2018,132500.0,1.5,petrol,manual,accident_repaired,black,4,164.4
Quik,2023,40900.0,1.5,petrol_lpg,automatic,intact,grey,4,422.0
Tiba,2008,321800.0,1.5,petrol,automatic,accident_repaired,white,4,87.1
Quik,2012,229800.0,1.5,petrol_lpg,manual,major_paint,blue,1,138.1
Peugeot Pars,2015,,1.8,petrol_lpg,manual,intact,blue,3,329.2
Toyota Corolla,2011,289000.0,1.8,petrol_lpg,manual,major_paint, white ,4,813.7
Peugeot Pars,2019,165000.0,1.8,petrol,MANUAL,intact,black,4,411.8
Shahin,2017,197600.0,1.5,petrol,manual,intact, blue ,2,488.0
Hyundai Accent,2014,224400.0,1.6,petrol,manual,intact,red,4,1078.4
Samand,2016,185300.0,1.8,petrol_lpg,AUTOMATIC,minor_paint,black,2,284.3
Shahin,2018,108300.0,1.5,petrol_lpg,manual,intact,white,2,678.5
Tiba,2020,119600.0,1.5,petrol_lpg,manual,intact,silver,2,231.0
Tiba,2010,272000.0,1.5,petrol,manual,accident_repaired,blue,4,82.0
Toyota Corolla,2016,165900.0,1.8,petrol,manual,intact,white,5,1873.1
Tiba,2012,255600.0,1.5,petrol,automatic,intact,black,3,159.2
Samand,2025,1700.0,1.8,petrol,manual,major_paint,red,3,427.2
Pride,2010,265800.0,1.3,petrol,automatic,major_paint,red,4,77.2
Pride,2024,41500.0,1.3,petrol,manual,,red,2,164.0
Peugeot Pars,2023,31700.0,1.8,petrol_lpg,manual,intact,black,5,585.3
Rana,2014,175600.0,1.6,petrol,automatic,minor_paint,black,4,375.1
Peugeot Pars,2012,248000.0,1.8,petrol,automatic,minor_paint,blue,5,293.8
Peugeot Pars,2021,144400.0,1.8,petrol,manual,intact,white,1,531.3
Samand,2021,76700.0,1.8,petrol,manual,intact,silver,2,457.6
Quik,2023,35200.0,1.5,petrol,manual,minor_paint,black,4,352.8
Peugeot Pars,2009,346200.0,1.8,petrol,manual,intact,grey,1,224.5
Toyota Corolla,2008,338100.0,1.8,petrol,manual,intact,blue,5,1065.5
Rana,2011,269300.0,1.6,petrol,MANUAL,minor_paint,silver,3,234.9
Toyota Corolla,2010,281100.0,1.8,petrol,manual,minor_paint,grey,2,1100.7
Peugeot 206,2012,,1.4,petrol,manual,intact,black,5,238.8
Hyundai Accent,2010,267900.0,1.6,petrol,manual,minor_paint,black,5,816.0
Toyota Corolla,2020,124000.0,1.8,petrol,manual,intact,black,2,2135.5
Toyota Corolla,2015,225600.0,1.8,petrol_lpg,manual,intact,grey,4,1328.0
Rana,2009,292100.0,1.6,petrol,manual,minor_paint,red,2,217.3
Shahin,2015,169300.0,1.5,petrol,manual,accident_repaired,red,4,326.0
Rana,2013,227200.0,1.6,petrol,manual,major_paint,silver,4,210.6
Kia Cerato,2011,280000.0,2.0,petrol,manual,intact,grey,4,1081.5
Shahin,2025,60800.0,1.5,petrol,MANUAL,accident_repaired,blue,4,562.2
Samand,2008,369700.0,1.8,petrol_lpg,manual,intact,grey,5,150.3
Pride,2021,126900.0,1.3,petrol,manual,major_paint,silver,1,177.8
Quik,2006,342400.0,1.5,petrol,manual,minor_paint,white,3,132.3
Tiba,2011,296600.0,1.5,petrol,MANUAL,intact,black,5,121.6
Tiba,2016,181500.0,1.5,petrol,manual,intact,silver,2,206.2
Peugeot Pars,2015,184200.0,1.8,petrol_lpg,manual,minor_paint,white,3,333.5
Quik,2008,313400.0,1.5,petrol,automatic,intact,black,4,128.4
Kia Cerato,2013,241500.0,2.0,petrol_lpg,automatic,minor_paint,blue,5,1008.8
Pride,2020,111700.0,1.3,petrol,automatic,minor_paint,white,5,205.7
Pride,2009,320200.0,1.3,petrol_lpg,manual,minor_paint,blue,3,62.5
Toyota Corolla,2025,0.0,1.8,petrol,automatic,minor_paint,red,4,2769.5
Samand,2018,129200.0,1.8,petrol,manual,accident_repaired,white,2,265.7
Rana,2021,106000.0,1.6,petrol,AUTOMATIC,major_paint,blue,5,448.8
Peugeot Pars,2024,16400.0,1.8,petrol,manual,minor_paint,silver,5,545.2
Hyundai Accent,2021,93700.0,1.6,petrol,manual,minor_paint, grey ,1,1659.4
Samand,2010,353300.0,1.8,petrol_lpg,automatic,minor_paint,white,5,179.8
Kia Cerato,2011,307100.0,2.0,petrol_lpg,automatic,intact,blue,2,1151.1
Tiba,2019,124700.0,1.5,petrol,manual,intact,black,4,250.6
Peugeot 206,2025,7200.0,1.4,petrol,AUTOMATIC,major_paint,blue,5,528.0
Peugeot 206,2019,,1.4,petrol_lpg,automatic,intact,black,4,423.2
Dena,2016,181200.0,1.7,petrol,automatic,intact,black,2,608.7
Toyota Corolla,2013,238900.0,1.8,petrol,automatic,intact,white,4,1452.9
Shahin,2023,33900.0,1.5,petrol,manual,intact, white ,2,937.8
Samand,2009,260600.0,1.8,petrol,manual,intact,red,5,166.7
Shahin,2026,0.0,1.5,petrol_lpg,manual,minor_paint,grey,4,893.4
Pride,2025,35100.0,1.3,petrol_lpg,manual,intact,black,1,288.6
Pride,2022,68800.0,1.3,petrol,manual,major_paint,silver,2,174.8
Peugeot 206,2005,401700.0,1.4,petrol_lpg,manual,intact,silver,2,135.2
Tiba,2011,261500.0,1.5,petrol,MANUAL,intact,silver,2,130.2
Shahin,2007,320000.0,1.5,petrol,manual,minor_paint,black,3,245.3
Dena,2023,102000.0,1.7,petrol_lpg,automatic,intact,red,3,752.2
Samand,2018,164600.0,1.8,petrol,manual,minor_paint,black,2,291.7
Quik,2018,189200.0,1.5,petrol_lpg,manual,minor_paint, black ,2,260.5
Shahin,2018,141800.0,1.5,petrol,MANUAL,major_paint,silver,5,446.2
Peugeot Pars,2006,373500.0,1.8,petrol,manual,minor_paint, blue ,1,162.4
Rana,2015,202600.0,1.6,petrol_lpg,automatic,major_paint,grey,3,299.6
Toyota Corolla,2025,3500.0,1.8,petrol_lpg,MANUAL,minor_paint,blue,3,2126.9
Shahin,2005,372700.0,1.5,petrol,manual,minor_paint,black,4,234.8
Peugeot Pars,2020,117900.0,1.8,petrol,manual,minor_paint,white,3,424.8
Hyundai Accent,2014,225300.0,1.6,petrol,manual,minor_paint,grey,1,1025.3
Peugeot Pars,2009,315600.0,1.8,petrol,manual,intact,grey,5,208.5
Peugeot 206,2017,,1.4,petrol_lpg,manual,minor_paint,white,4,302.7
Kia Cerato,2010,333700.0,2.0,petrol,automatic,intact,blue,5,898.2
Quik,2012,273100.0,1.5,petrol,automatic,intact,black,4,197.1
Hyundai Accent,2016,212700.0,1.6,petrol,AUTOMATIC,intact,blue,5,1218.5
Hyundai Accent,2025,19600.0,1.6,petrol_lpg,automatic,minor_paint,red,4,1779.0
Peugeot 206,2011,307700.0,1.4,petrol,manual,intact,white,1,228.9
Tiba,2023,44600.0,1.5,petrol,manual,accident_repaired,blue,4,211.3
Hyundai Accent,2015,202000.0,1.6,petrol,manual,intact,red,5,1101.2
Samand,2021,78800.0,1.8,petrol_lpg,manual,intact,black,2,443.2
Hyundai Accent,2015,172100.0,1.6,petrol,automatic,major_paint,white,4,1034.6
Toyota Corolla,2015,222900.0,1.8,petrol_lpg,manual,accident_repaired, white ,5,962.0
Dena,2022,,1.7,petrol,manual,minor_paint,white,2,734.5
Tiba,2012,249300.0,1.5,petrol_lpg,manual,minor_paint,black,4,123.5
Toyota Corolla,2014,244100.0,1.8,petrol_lpg,manual,intact,white,3,1509.4
Peugeot Pars,2021,119900.0,1.8,petrol,automatic,minor_paint,blue,1,513.0
Kia Cerato,2019,84500.0,2.0,petrol,manual,minor_paint,black,4,1518.4
Shahin,2023,53500.0,1.5,petrol,manual,accident_repaired,red,5,467.5
Toyota Corolla,2025,9500.0,1.8,petrol,automatic,intact,white,5,3247.0
Pride,2015,221700.0,1.3,petrol,manual,intact,black,3,124.7
Kia Cerato,2011,284200.0,2.0,petrol,manual,minor_paint,white,5,898.3
Kia Cerato,2009,306300.0,2.0,petrol,automatic,minor_paint,black,4,1039.1
Samand,2012,263100.0,1.8,petrol,automatic,intact, red ,3,230.5
Kia Cerato,2017,161500.0,2.0,petrol,MANUAL,,red,3,1290.7
Peugeot Pars,2015,194300.0,1.8,petrol,automatic,intact,white,3,434.1
Toyota Corolla,2015,,1.8,petrol,manual,intact,white,2,1835.7
Samand,2016,187500000.0,1.8,petrol,manual,,white,2,242.7
Kia Cerato,2015,174400.0,2.0,petrol,manual,accident_repaired,blue,5,898.6
Peugeot Pars,2019,152300.0,1.8,petrol,manual,minor_paint,black,1,414.1
Peugeot Pars,2023,53700.0,1.8,petrol_lpg,automatic,minor_paint,blue,3,582.6
Samand,2011,213000.0,1.8,petrol_lpg,manual,intact,white,4,212.9
Samand,2011,307400.0,1.8,petrol,manual,major_paint,black,4,171.1
Rana,2019,168000.0,1.6,petrol_lpg,manual,intact,red,5,330.6
Tiba,2012,,1.5,petrol,automatic,intact,white,3,153.0
Samand,2012,271100.0,1.8,petrol_lpg,manual,intact,red,5,185.9
Toyota Corolla,2020,146900.0,1.8,petrol,automatic,major_paint,grey,4,1573.1
Shahin,2012,257500.0,1.5,petrol,manual,intact,white,5,398.9
Kia Cerato,2009,274700.0,2.0,petrol,manual,intact,black,1,1328.5
Quik,2019,67000.0,1.5,petrol,manual,intact,white,2,327.2
Tiba,2016,171200.0,1.5,petrol,manual,minor_paint,blue,3,185.0
Kia Cerato,2025,2600.0,2.0,petrol,manual,intact,silver,2,2780.2
Tiba,2011,,1.5,petrol,manual,major_paint,white,3,97.4
Peugeot 206,2011,276000.0,1.4,petrol,manual,intact,red,4,202.5
Kia Cerato,2011,238900.0,2.0,petrol,manual,intact,grey,1,1218.7
Samand,2008,328800.0,1.8,petrol,automatic,major_paint,silver,1,141.8
Samand,2008,343900.0,1.8,petrol,manual,accident_repaired,silver,2,116.8
Dena,2011,324100.0,1.7,petrol,manual,minor_paint,grey,2,305.1
Samand,2012,240400.0,1.8,petrol,automatic,minor_paint,silver,3,202.6
Pride,2007,373400.0,1.3,petrol,manual,intact,white,4,76.0
Kia Cerato,2005,367500.0,2.0,petrol,manual,intact,black,5,779.4
Peugeot 206,2005,384600.0,1.4,petrol,manual,intact,grey,1,159.5
Samand,2010,300100.0,1.8,petrol,manual,major_paint,silver,5,139.7
Kia Cerato,2021,133000.0,2.0,petrol_lpg,manual,intact,white,1,1860.2
Quik,2024,55400.0,1.5,petrol,manual,minor_paint,black,4,385.5
Rana,2011,250700.0,1.6,petrol,manual,minor_paint,white,4,232.3
Tiba,2025,15600.0,1.5,petrol,manual,intact,white,2,388.5
Shahin,2020,113400.0,1.5,petrol,manual,minor_paint,black,5,564.9
Hyundai Accent,2015,194300.0,1.6,petrol,manual,intact,white,3,1298.0
Toyota Corolla,2021,80500.0,1.8,petrol_lpg,manual,intact,white,5,2269.4
Hyundai Accent,2026,0.0,1.6,petrol_lpg,manual,intact,white,5,2272.0
Kia Cerato,2005,378000.0,2.0,petrol,manual,minor_paint,grey,2,691.5
Peugeot Pars,2020,44500.0,1.8,petrol,manual,intact,grey,2,512.8
Samand,2006,406100.0,1.8,petrol,MANUAL,intact,white,1,128.5
Tiba,2018,144500.0,1.5,petrol,manual,minor_paint,white,5,194.9
Kia Cerato,2015,208200.0,2.0,petrol,manual,intact,white,3,1219.4
Peugeot Pars,2009,312000.0,1.8,petrol,automatic,major_paint,white,3,204.1
Hyundai Accent,2013,239500.0,1.6,petrol_lpg,automatic,intact,silver,5,1055.0
Pride,2008,321200.0,1.3,petrol_lpg,automatic,minor_paint,silver,3,75.5
Toyota Corolla,2022,69500.0,1.8,petrol,manual,accident_repaired,white,1,1711.0
Shahin,2021,106700.0,1.5,petrol,MANUAL,minor_paint,white,5,661.5
Quik,2008,310000.0,1.5,petrol,manual,intact,grey,3,118.5
Toyota Corolla,2018,127700.0,1.8,petrol_lpg,automatic,minor_paint,black,1,1925.3
Pride,2019,140400.0,1.3,petrol,manual,major_paint,white,1,165.3
Samand,2008,335800000.0,1.8,petrol,manual,minor_paint,blue,1,146.1
Hyundai Accent,2005,401300000.0,1.6,petrol,AUTOMATIC,intact,blue,3,693.8
Peugeot Pars,2014,218500.0,1.8,petrol,manual,intact,white,1,337.3
Shahin,2020,113400.0,1.5,petrol,manual,minor_paint,black,5,564.9
Kia Cerato,2025,,2.0,petrol_lpg,manual,intact,red,4,2235.0
Hyundai Accent,2013,232800.0,1.6,petrol,automatic,major_paint,white,5,974.4
Samand,2026,14700.0,1.8,petrol,manual,major_paint,grey,4,443.7
Shahin,2016,183500.0,1.5,petrol_lpg,automatic,intact,grey,4,580.6
Hyundai Accent,2016,229000.0,1.6,petrol,automatic,intact,white,3,1344.7
Kia Cerato,2018,150800.0,2.0,petrol,automatic,intact,white,4,1600.6
Samand,2005,348800.0,1.8,petrol,automatic,minor_paint,blue,5,143.0
Toyota Corolla,2018,169800.0,1.8,petrol_lpg,manual,minor_paint,blue,4,1698.5
Kia Cerato,2011,302100.0,2.0,petrol,manual,major_paint,silver,5,806.5
Toyota Corolla,2016,170100.0,1.8,petrol_lpg,MANUAL,accident_repaired,blue,4,1102.3
Pride,2022,93800.0,1.3,petrol,MANUAL,intact,silver,4,206.1
Peugeot Pars,2013,261300.0,1.8,petrol,manual,intact,grey,5,300.5
Peugeot Pars,2019,132900.0,1.8,petrol,manual,minor_paint,white,5,431.0
Pride,2009,281900.0,1.3,petrol,manual,intact,white,5,81.2
Pride,2011,275300.0,1.3,petrol_lpg,manual,minor_paint, white ,2,90.4
Pride,2008,343800.0,1.3,petrol,automatic,minor_paint,grey,4,68.8
Hyundai Accent,2018,144200.0,1.6,petrol,manual,accident_repaired,white,2,1069.8
Quik,2022,88700.0,1.5,petrol,automatic,intact,black,1,407.9
Hyundai Accent,2005,402900.0,1.6,petrol,automatic,intact,silver,4,701.8
Peugeot 206,2018,,1.4,petrol,manual,intact,grey,2,411.4
Peugeot 206,2005,341700.0,1.4,petrol_lpg,manual,major_paint,grey,1,108.5
Hyundai Accent,2020,79600.0,1.6,petrol,automatic,intact,red,5,1439.0
Tiba,2006,356300.0,1.5,petrol_lpg,MANUAL,intact,red,1,86.8
Rana,2010,305300.0,1.6,petrol,automatic,major_paint,white,5,196.0
Shahin,2019,105400.0,1.5,petrol_lpg,automatic,intact,white,4,715.9
Peugeot Pars,2006,361100.0,1.8,petrol,manual,intact,black,5,165.5
Samand,2009,,1.8,petrol,automatic,major_paint,blue,4,151.8
Toyota Corolla,2020,143900.0,1.8,petrol,automatic,major_paint,black,1,2063.2
Peugeot Pars,2019,122800.0,1.8,petrol,manual,intact,white,2,503.1
Pride,2011,302600.0,1.3,petrol_lpg,automatic,intact,black,5,93.9
Shahin,2009,312600.0,1.5,petrol_lpg,MANUAL,major_paint,red,2,255.8
Shahin,2026,0.0,1.5,petrol_lpg,manual,major_paint,white,5,774.1
Tiba,2021,165100.0,1.5,petrol,manual,minor_paint,grey,1,278.4
Dena,2007,,1.7,petrol,automatic,intact,silver,3,318.8
Peugeot Pars,2020,88400.0,1.8,petrol,manual,minor_paint,white,5,503.8
Peugeot 206,2018,178000.0,1.4,petrol,MANUAL,intact,grey,4,335.6
Peugeot 206,2019,,1.4,petrol,automatic,intact,grey,5,422.3
Toyota Corolla,2011,258100.0,1.8,petrol,manual,accident_repaired,grey,3,801.5
Quik,2017,186000.0,1.5,petrol,manual,intact,black,5,219.0
Pride,2014,,1.3,petrol_lpg,manual,intact,white,3,118.6
Toyota Corolla,2007,335200.0,1.8,petrol,manual,intact,red,1,1022.8
Rana,2013,271200.0,1.6,petrol,manual,major_paint, blue ,1,236.9
Hyundai Accent,2006,354100.0,1.6,petrol,manual,minor_paint,black,2,662.9
Tiba,2018,163000.0,1.5,petrol_lpg,manual,intact,silver,1,199.4
Quik,2009,,1.5,petrol,manual,intact,black,3,142.1
Samand,2007,268400.0,1.8,petrol,manual,intact,silver,5,172.3
Peugeot 206,2012,239100.0,1.4,petrol,manual,intact,grey,1,251.3
Shahin,2024,63500.0,1.5,petrol,manual,intact,silver,3,824.3
Samand,2016,202900.0,1.8,petrol_lpg,manual,minor_paint,black,3,233.8
Toyota Corolla,2026,17300.0,1.8,petrol,manual,major_paint,silver,1,2285.0
Tiba,2014,165000.0,1.5,petrol,manual,accident_repaired,black,5,98.1
Rana,2014,255700.0,1.6,petrol,manual,major_paint,white,5,213.3
Quik,2011,301000.0,1.5,petrol,manual,minor_paint,red,1,153.2
Dena,2011,241100.0,1.7,petrol,manual,major_paint,red,2,302.4
Tiba,2008,317900.0,1.5,petrol,manual,intact,black,4,97.9
Pride,2020,126300.0,1.3,petrol,manual,minor_paint,black,3,165.6
Kia Cerato,2020,117200.0,2.0,petrol_lpg,manual,intact,red,2,1872.1
Quik,2019,106500.0,1.5,petrol,manual,minor_paint,white,4,285.9
Kia Cerato,2025,22800.0,2.0,petrol,automatic,minor_paint,white,2,2330.1
Pride,2020,94400.0,1.3,petrol,manual,major_paint,blue,3,170.8
Hyundai Accent,2026,0.0,1.6,petrol,manual,major_paint,black,2,2023.6
Shahin,2010,309800.0,1.5,petrol,MANUAL,minor_paint,silver,2,325.0
Dena,2015,201700.0,1.7,petrol_lpg,manual,minor_paint,black,1,452.9
Peugeot 206,2010,,1.4,petrol,automatic,intact,grey,2,250.4
Kia Cerato,2024,32000.0,2.0,petrol,manual,intact,silver,5,2278.3
Hyundai Accent,2020,112500.0,1.6,petrol,automatic,intact,white,1,2067.7
Samand,2015,174900.0,1.8,petrol_lpg,automatic,major_paint,white,3,230.2
Dena,2012,245800.0,1.7,petrol_lpg,manual,intact,white,4,365.8
Dena,2015,217100.0,1.7,petrol,manual,accident_repaired,grey,4,296.3
Kia Cerato,2024,50900.0,2.0,petrol_lpg,manual,minor_paint, silver ,2,2033.1
Shahin,2005,434800.0,1.5,petrol,manual,minor_paint,white,4,225.4
Samand,2007,361400.0,1.8,petrol,manual,accident_repaired, red ,4,88.4
Kia Cerato,2016,173800.0,2.0,petrol,manual,intact,blue,3,1462.9
Peugeot 206,2025,0.0,1.4,petrol,manual,intact,white,5,703.8
Hyundai Accent,2016,197600.0,1.6,petrol,manual,intact,white,1,1275.5
Dena,2007,379700.0,1.7,petrol,automatic,major_paint,red,4,218.2
Pride,2022,102800.0,1.3,petrol_lpg,manual,minor_paint,white,4,196.4
Samand,2013,219300.0,1.8,petrol,manual,major_paint,white,4,193.4
Dena,2014,238900.0,1.7,petrol_lpg,manual,intact,blue,4,365.9
Toyota Corolla,2011,253000.0,1.8,petrol,automatic,intact,silver,2,1593.7
Peugeot Pars,2017,121100.0,1.8,petrol,manual,minor_paint, white ,3,365.4
Quik,2007,347500.0,1.5,petrol,manual,minor_paint,black,5,123.6
Dena,2024,,1.7,petrol,manual,minor_paint,silver,5,744.5
Peugeot Pars,2010,,1.8,petrol,manual,accident_repaired,red,1,144.0
Hyundai Accent,2020,99300.0,1.6,petrol_lpg,manual,accident_repaired,white,3,1021.4
Toyota Corolla,2021,131300.0,1.8,petrol,manual,intact,black,1,2198.1
Shahin,2013,263300.0,1.5,petrol,manual,minor_paint,blue,5,373.6
Tiba,2012,254900.0,1.5,petrol_lpg,manual,,blue,4,124.3
Tiba,2012,262200.0,1.5,petrol,manual,minor_paint,black,2,137.3
Pride,2024,86300.0,1.3,petrol,manual,intact,silver,5,210.4
Hyundai Accent,2014,202200.0,1.6,petrol_lpg,manual,major_paint,blue,3,832.9
Kia Cerato,2023,75500.0,2.0,petrol,automatic,accident_repaired,white,4,1610.3
Quik,2009,,1.5,petrol,manual,intact,red,3,113.7
Tiba,2022,59600.0,1.5,petrol_lpg,manual,minor_paint,red,1,299.1
Rana,2011,287200.0,1.6,petrol,manual,accident_repaired,white,2,171.8
Toyota Corolla,2025,0.0,1.8,petrol,automatic,minor_paint,silver,1,3436.8
Rana,2024,52500.0,1.6,petrol,automatic,major_paint,white,5,547.5
Hyundai Accent,2017,207500.0,1.6,petrol_lpg,automatic,intact,silver,4,1532.6
Pride,2026,0.0,1.3,petrol,automatic,intact,silver,1,355.5
Quik,2024,47200.0,1.5,petrol,manual,minor_paint,silver,3,395.1
Quik,2010,306400.0,1.5,petrol,automatic,major_paint,silver,1,142.6
Rana,2017,135700.0,1.6,petrol,automatic,intact, white ,3,467.9
Rana,2006,387700.0,1.6,petrol_lpg,manual,intact,black,2,169.4
Peugeot Pars,2013,277500.0,1.8,petrol,manual,minor_paint,grey,4,252.6
Peugeot Pars,2008,306600.0,1.8,petrol,MANUAL,intact,grey,2,210.0
Kia Cerato,2009,258400.0,2.0,petrol,manual,major_paint,silver,4,845.8
Quik,2018,184900.0,1.5,petrol,automatic,major_paint, black ,1,255.8
Quik,2007,333200.0,1.5,petrol_lpg,manual,major_paint,grey,3,99.2
Tiba,2026,0.0,1.5,petrol_lpg,automatic,minor_paint,blue,2,416.0
Shahin,2019,125100.0,1.5,petrol,automatic,minor_paint,white,5,732.2
Hyundai Accent,2024,24100.0,1.6,petrol,automatic,intact, white ,4,2558.0
Hyundai Accent,2009,334100.0,1.6,petrol,MANUAL,major_paint,grey,5,607.8
Dena,2018,,1.7,petrol,manual,intact,white,1,632.7
Hyundai Accent,2005,368600.0,1.6,petrol_lpg,manual,accident_repaired,red,1,432.7
Kia Cerato,2009,279700.0,2.0,petrol,automatic,intact,black,5,1102.5
Tiba,2012,219400.0,1.5,petrol,MANUAL,intact,grey,2,142.6
Pride,2006,358400.0,1.3,petrol,automatic,minor_paint,white,1,67.9
Tiba,2007,317000.0,1.5,petrol,automatic,intact,white,2,114.2
Samand,2017,170700.0,1.8,petrol_lpg,automatic,minor_paint,black,1,323.7
Kia Cerato,2022,68900.0,2.0,petrol,manual,minor_paint,silver,3,2162.8
Shahin,2023,53400.0,1.5,petrol_lpg,manual,intact,grey,3,795.1
Peugeot 206,2015,172000.0,1.4,petrol_lpg,manual,minor_paint,silver,5,260.6
Shahin,2013,241200.0,1.5,petrol,manual,major_paint,white,4,319.9
Peugeot Pars,2005,430400.0,1.8,petrol,manual,intact,grey,1,164.1
Toyota Corolla,2005,379000.0,1.8,petrol,manual,,white,3,756.9
Rana,2020,69800.0,1.6,petrol,manual,accident_repaired,white,3,386.0
Pride,2014,253300.0,1.3,petrol,manual,intact,white,4,119.9
Toyota Corolla,2006,358600.0,1.8,petrol,MANUAL,minor_paint,white,1,877.6
Toyota Corolla,2020,190900.0,1.8,petrol,manual,major_paint,silver,2,1714.9
Pride,2011,288900.0,1.3,petrol,manual,major_paint, white ,3,69.0
Quik,2024,20100.0,1.5,petrol_lpg,MANUAL,minor_paint,blue,1,416.0
Quik,2022,107700.0,1.5,petrol,manual,intact, black ,2,405.8
Dena,2021,147700.0,1.7,petrol_lpg,automatic,minor_paint,grey,1,685.1
Dena,2006,384600.0,1.7,petrol_lpg,automatic,minor_paint,silver,3,225.6
Peugeot 206,2026,31600.0,1.4,petrol,automatic,intact,white,5,682.7
Toyota Corolla,2014,175900.0,1.8,petrol,manual,minor_paint,grey,3,1511.1
Pride,2016,,1.3,petrol,manual,minor_paint,white,5,124.3
Tiba,2008,,1.5,petrol,manual,minor_paint,white,2,98.9
Toyota Corolla,2006,373200.0,1.8,petrol_lpg,manual,accident_repaired,white,1,681.5
Tiba,2009,321700.0,1.5,petrol,manual,major_paint,silver,1,96.5
Toyota Corolla,2018,,1.8,petrol,automatic,intact, blue ,2,2103.6
Quik,2023,108800.0,1.5,petrol_lpg,manual,minor_paint,red,1,323.7
Samand,2015,207300.0,1.8,petrol,manual,intact,grey,5,248.8
Shahin,2018,137100.0,1.5,petrol,manual,intact,silver,1,701.5
Dena,2023,47500000.0,1.7,petrol,automatic,accident_repaired, grey ,3,619.5
Pride,2021,55900.0,1.3,petrol_lpg,automatic,intact,grey,4,236.6
Dena,2010,,1.7,petrol,automatic,minor_paint,white,3,310.2
Toyota Corolla,2019,123100.0,1.8,petrol_lpg,manual,intact,silver,1,2258.6
Peugeot Pars,2005,408500.0,1.8,petrol,manual,intact,silver,4,186.5
Samand,2005,378700.0,1.8,petrol,manual,intact, white ,4,112.7
Peugeot Pars,2008,298800.0,1.8,petrol,manual,, grey ,5,135.6
Toyota Corolla,2007,375900.0,1.8,petrol,MANUAL,intact,silver,5,802.4
Peugeot Pars,2008,335800.0,1.8,petrol_lpg,automatic,intact,black,4,225.3
Pride,2021,83200.0,1.3,petrol_lpg,manual,minor_paint,silver,4,177.8
Dena,2017,127900.0,1.7,petrol,manual,intact, silver ,4,500.8
Quik,2018,140600.0,1.5,petrol,manual,intact,black,4,278.8
Samand,2016,149300.0,1.8,petrol_lpg,manual,,silver,1,284.9
Peugeot Pars,2020,97900.0,1.8,petrol,manual,major_paint,white,2,415.7
Peugeot Pars,2008,330800.0,1.8,petrol_lpg,manual,minor_paint,grey,1,194.5
Quik,2006,357300.0,1.5,petrol,manual,minor_paint,white,1,121.1
Rana,2007,314300.0,1.6,petrol,automatic,accident_repaired, white ,3,166.2
Pride,2005,360800.0,1.3,petrol,automatic,intact,grey,5,60.8
Hyundai Accent,2010,297300.0,1.6,petrol,automatic,intact,white,5,906.3
Toyota Corolla,2026,0.0,1.8,petrol_lpg,manual,intact,silver,5,2441.5
Dena,2026,3700.0,1.7,petrol,manual,minor_paint,grey,3,854.0
Kia Cerato,2016,205700.0,2.0,petrol,manual,accident_repaired,white,2,904.9
Quik,2019,156900.0,1.5,petrol,automatic,major_paint, silver ,4,236.7
Quik,2012,277300.0,1.5,petrol,manual,intact,grey,1,182.1
Tiba,2006,,1.5,petrol,manual,major_paint,blue,2,71.2
Hyundai Accent,2007,359500.0,1.6,petrol,manual,intact,white,4,745.6
Hyundai Accent,2013,222000.0,1.6,petrol,manual,major_paint,red,5,813.0
Samand,2012,248200.0,1.8,petrol,manual,intact,white,4,244.4
Toyota Corolla,2020,103300.0,1.8,petrol_lpg,manual,minor_paint,silver,2,1756.3
Rana,2021,70800.0,1.6,petrol_lpg,automatic,intact,silver,5,497.4
Hyundai Accent,2016,179000.0,1.6,petrol_lpg,manual,major_paint,red,2,911.6
Shahin,2005,393200.0,1.5,petrol,AUTOMATIC,intact,black,4,259.7
Toyota Corolla,2007,320000.0,1.8,petrol,automatic,minor_paint,silver,2,1225.5
Hyundai Accent,2005,373600000.0,1.6,petrol,automatic,accident_repaired,silver,3,441.9
Peugeot 206,2008,298100.0,1.4,petrol,manual,,black,2,134.7
Peugeot Pars,2009,369600.0,1.8,petrol,MANUAL,minor_paint,white,4,199.9
Samand,2014,221600.0,1.8,petrol,manual,major_paint,white,1,206.4
Hyundai Accent,2024,69700.0,1.6,petrol,manual,intact,silver,4,1640.3
Samand,2009,300900.0,1.8,petrol_lpg,MANUAL,minor_paint,red,4,143.0
Dena,2016,173900.0,1.7,petrol,automatic,intact,blue,4,479.1
Dena,2014,222700.0,1.7,petrol_lpg,manual,minor_paint,silver,5,349.7
Rana,2026,7500.0,1.6,petrol,MANUAL,intact,silver,5,657.8
Samand,2012,291300.0,1.8,petrol,manual,intact,silver,5,187.8
Toyota Corolla,2010,318300.0,1.8,petrol_lpg,manual,major_paint,white,4,848.9
Samand,2022,65100.0,1.8,petrol,manual,intact,silver,2,478.3
Quik,2014,216200.0,1.5,petrol,manual,,grey,4,173.2
Tiba,2012,238400.0,1.5,petrol_lpg,manual,intact,white,4,131.7
Samand,2006,367000.0,1.8,petrol,manual,intact,white,1,141.2
Pride,2012,239700.0,1.3,petrol,automatic,minor_paint,grey,1,121.6
Peugeot Pars,2016,219600.0,1.8,petrol,manual,minor_paint,silver,2,305.4
Dena,2012,268800.0,1.7,petrol,manual,intact,silver,2,387.4
Peugeot 206,2017,185000.0,1.4,petrol,automatic,intact,black,5,387.4
Toyota Corolla,2026,0.0,1.8,petrol,AUTOMATIC,intact,silver,1,3735.7
Tiba,2005,393500.0,1.5,petrol,automatic,intact, grey ,2,81.1
Quik,2006,371300.0,1.5,petrol,manual,accident_repaired,white,1,82.9
Tiba,2008,317500.0,1.5,petrol,manual,intact,silver,1,103.9
Toyota Corolla,2014,178800.0,1.8,petrol,automatic,intact,blue,1,2090.2
Rana,2007,332900.0,1.6,petrol_lpg,automatic,intact,white,4,200.9
Tiba,2012,228800.0,1.5,petrol,MANUAL,intact,white,3,150.3
Pride,2018,176500.0,1.3,petrol,manual,minor_paint,silver,3,139.1
Hyundai Accent,2025,17900.0,1.6,petrol,manual,minor_paint,grey,2,1832.0
Toyota Corolla,2010,297400.0,1.8,petrol,manual,accident_repaired,silver,1,874.5
Rana,2013,232200.0,1.6,petrol,automatic,intact,white,3,337.5
Samand,2007,391800.0,1.8,petrol,automatic,intact,red,2,164.2
Pride,2020,123800.0,1.3,petrol_lpg,manual,major_paint,grey,2,139.6
Hyundai Accent,2012,241300.0,1.6,petrol,automatic,minor_paint,grey,1,1055.9
Quik,2006,436400.0,1.5,petrol,manual,intact,grey,2,107.9
Pride,2025,43700.0,1.3,petrol_lpg,manual,,silver,1,263.0
Dena,2025,0.0,1.7,petrol,automatic,intact,white,2,1207.2
Toyota Corolla,2008,329800.0,1.8,petrol,manual,accident_repaired,white,1,839.1
Tiba,2010,290200.0,1.5,petrol,manual,accident_repaired,black,4,82.3
Kia Cerato,2026,54300.0,2.0,petrol,AUTOMATIC,minor_paint,silver,3,2812.2
Samand,2010,266900.0,1.8,petrol_lpg,manual,accident_repaired,blue,1,116.4
Pride,2020,144000.0,1.3,petrol,MANUAL,accident_repaired,red,5,116.6
Tiba,2009,335100.0,1.5,petrol,manual,minor_paint,black,4,87.7
Peugeot 206,2015,222300.0,1.4,petrol,automatic,intact,silver,5,324.0
Samand,2013,211500.0,1.8,petrol,manual,,grey,1,245.8
Hyundai Accent,2005,367300.0,1.6,petrol,manual,intact,grey,3,618.0
Peugeot 206,2019,183300.0,1.4,petrol,manual,major_paint,white,1,330.4
Shahin,2007,350700.0,1.5,petrol,manual,minor_paint,black,3,260.4
Tiba,2005,401600.0,1.5,petrol,manual,intact,white,1,85.8
Samand,2020,77500.0,1.8,petrol_lpg,manual,minor_paint,silver,1,347.5
Quik,2016,191000.0,1.5,petrol,manual,minor_paint,white,2,231.5
Pride,2005,400600.0,1.3,petrol,automatic,intact,white,5,67.3
Pride,2020,169000.0,1.3,petrol,MANUAL,major_paint,blue,3,128.9
Hyundai Accent,2010,300800.0,1.6,petrol,manual,minor_paint,white,3,665.4
Dena,2012,295400.0,1.7,petrol_lpg,manual,intact,silver,5,311.8
Peugeot 206,2022,90200.0,1.4,petrol,manual,intact,white,3,480.3
Samand,2009,311900.0,1.8,petrol,automatic,intact,red,4,196.4
Toyota Corolla,2026,37100.0,1.8,petrol,manual,accident_repaired,white,3,1817.1
Tiba,2026,1800.0,1.5,petrol,manual,minor_paint,black,4,366.3
Quik,2021,75600.0,1.5,petrol,MANUAL,intact,black,3,359.8
Tiba,2020,86100.0,1.5,petrol,manual,intact,black,1,277.8
Peugeot 206,2015,178200.0,1.4,petrol,manual,major_paint,white,5,252.4
Toyota Corolla,2022,113300.0,1.8,petrol_lpg,manual,intact,silver,3,2349.3
Tiba,2026,20500.0,1.5,petrol,automatic,minor_paint,white,5,413.6
Dena,2005,,1.7,petrol_lpg,manual,intact,black,3,204.8
Tiba,2023,80300.0,1.5,petrol_lpg,manual,accident_repaired,white,1,215.4
Tiba,2011,254000.0,1.5,petrol_lpg,manual,intact,red,4,107.7
Peugeot Pars,2014,186500.0,1.8,petrol_lpg,automatic,minor_paint,white,1,350.1
Dena,2015,224900.0,1.7,petrol,automatic,intact,blue,5,434.9
Samand,2023,65600.0,1.8,petrol,manual,intact, silver ,2,495.2
Peugeot 206,2020,146200.0,1.4,petrol,manual,,black,3,462.3
Samand,2025,66000.0,1.8,petrol_lpg,automatic,intact,grey,4,479.0
Samand,2009,294700.0,1.8,petrol,manual,major_paint,blue,3,135.3
Hyundai Accent,2020,102600.0,1.6,petrol,manual,minor_paint,silver,4,1488.3
Samand,2021,106500.0,1.8,petrol_lpg,manual,intact,grey,5,368.4
Hyundai Accent,2020,103200.0,1.6,petrol,automatic,accident_repaired,white,4,1170.5
Dena,2006,380400.0,1.7,petrol_lpg,manual,intact,red,1,238.0
Quik,2013,201500.0,1.5,petrol,manual,intact,silver,4,188.0
Quik,2020,107000.0,1.5,petrol,manual,intact,white,2,317.9
Kia Cerato,2020,44200.0,2.0,petrol,manual,minor_paint,blue,1,2008.9
Toyota Corolla,2015,222600.0,1.8,petrol,automatic,intact,blue,5,1756.0
Dena,2009,298100.0,1.7,petrol_lpg,AUTOMATIC,intact,white,2,347.6
Peugeot Pars,2006,350100.0,1.8,petrol,manual,intact,blue,4,170.9
Dena,2016,192900.0,1.7,petrol_lpg,manual,intact,black,5,437.6
Quik,2013,242800.0,1.5,petrol,manual,intact,white,2,236.2
Dena,2010,291700.0,1.7,petrol,automatic,major_paint,red,5,250.9
Hyundai Accent,2006,369000.0,1.6,petrol_lpg,manual,minor_paint,silver,1,645.4
Peugeot Pars,2018,135100.0,1.8,petrol,manual,intact,white,5,389.7
Quik,2019,160300.0,1.5,petrol_lpg,automatic,,white,2,231.3
Rana,2012,281200.0,1.6,petrol,manual,accident_repaired,black,4,166.7
Samand,2011,288200.0,1.8,petrol,manual,major_paint,blue,3,159.8
Samand,2021,85500.0,1.8,petrol,manual,minor_paint,red,1,375.7
Shahin,2024,36700.0,1.5,petrol,manual,intact,white,3,793.8
Dena,2008,373000.0,1.7,petrol,automatic,minor_paint,red,5,243.4
Rana,2014,231900.0,1.6,petrol,manual,minor_paint,silver,2,295.7
Dena,2026,0.0,1.7,petrol,manual,minor_paint,black,5,831.6
Quik,2026,0.0,1.5,petrol_lpg,manual,intact,black,5,445.9
Tiba,2005,415400.0,1.5,petrol,manual,intact,red,5,70.0
Samand,2014,254200.0,1.8,petrol,manual,accident_repaired,white,5,155.6
Peugeot 206,2010,295300.0,1.4,petrol,manual,intact,red,2,230.2
Kia Cerato,2019,120000.0,2.0,petrol,automatic,intact,black,3,2174.2
Hyundai Accent,2019,122400.0,1.6,petrol,MANUAL,major_paint,white,3,1221.5
Hyundai Accent,2008,321000.0,1.6,petrol,manual,minor_paint,blue,1,717.0
Shahin,2008,315400.0,1.5,petrol_lpg,manual,minor_paint,blue,5,233.6
Peugeot 206,2005,364300.0,1.4,petrol,manual,intact,white,5,149.6
Hyundai Accent,2016,176700.0,1.6,petrol,automatic,minor_paint,silver,3,1282.5
Shahin,2016,199200.0,1.5,petrol_lpg,manual,minor_paint,silver,3,502.9
Toyota Corolla,2006,339100.0,1.8,petrol_lpg,manual,intact, silver ,4,949.5
Samand,2011,249900.0,1.8,petrol_lpg,automatic,intact,blue,4,207.5
Quik,2005,420300.0,1.5,petrol,automatic,minor_paint,blue,1,95.4
Pride,2026,19000.0,1.3,petrol,manual,minor_paint,grey,2,255.9
Pride,2011,269900.0,1.3,petrol,automatic,,silver,4,102.5
Hyundai Accent,2026,0.0,1.6,petrol,automatic,intact,red,4,2314.4
Samand,2026,2900.0,1.8,petrol,automatic,minor_paint,silver,3,678.7
Dena,2011,290300.0,1.7,petrol,automatic,minor_paint,grey,4,334.5
Dena,2010,293300.0,1.7,petrol_lpg,MANUAL,intact,silver,1,298.3
Peugeot 206,2012,251900.0,1.4,petrol,manual,major_paint,white,5,213.1
Shahin,2016,178400.0,1.5,petrol,manual,intact,white,1,497.3
Rana,2025,0.0,1.6,petrol_lpg,manual,accident_repaired,red,4,460.1
Samand,2017,181700.0,1.8,petrol_lpg,manual,minor_paint,black,5,254.1
Rana,2008,366700.0,1.6,petrol,automatic,minor_paint,black,5,212.5
Pride,2014,144200.0,1.3,petrol_lpg,automatic,minor_paint,white,5,126.2
Tiba,2014,220500.0,1.5,petrol,manual,minor_paint,white,4,147.2
Rana,2008,282300.0,1.6,petrol,MANUAL,major_paint,blue,5,184.7
Rana,2008,324900.0,1.6,petrol,manual,minor_paint,blue,2,158.4
Shahin,2016,171600.0,1.5,petrol_lpg,manual,minor_paint,black,2,512.6
Peugeot Pars,2025,14700.0,1.8,petrol,automatic,accident_repaired,silver,1,646.5
Shahin,2013,249000.0,1.5,petrol,manual,minor_paint,black,1,414.8
Toyota Corolla,2020,99700.0,1.8,petrol,automatic,minor_paint,black,4,1964.7
Samand,2007,361400.0,1.8,petrol,manual,intact,white,4,134.5
Tiba,2025,64900.0,1.5,petrol_lpg,manual,major_paint,black,4,271.7
Peugeot 206,2008,327200.0,1.4,petrol,manual,minor_paint,black,3,161.4
Rana,2025,17800.0,1.6,petrol,manual,intact,blue,5,633.1
Kia Cerato,2025,51300.0,2.0,petrol,automatic,intact,silver,5,2413.8
Dena,2014,231800.0,1.7,petrol,manual,intact,white,5,417.3
Peugeot Pars,2025,22700.0,1.8,petrol,manual,accident_repaired,black,3,459.7
Tiba,2013,244300.0,1.5,petrol,manual,intact,black,2,161.2
Peugeot 206,2022,90900.0,1.4,petrol,manual,major_paint,grey,2,391.8
Pride,2022,40700.0,1.3,petrol_lpg,manual,intact,black,5,229.7
Shahin,2021,87200.0,1.5,petrol,manual,intact,silver,4,683.1
Peugeot Pars,2010,326600.0,1.8,petrol,manual,minor_paint,white,5,218.2
Dena,2020,113000.0,1.7,petrol,manual,,silver,5,617.2
Tiba,2013,193500.0,1.5,petrol,manual,minor_paint,silver,1,168.3
Peugeot 206,2008,334000.0,1.4,petrol,automatic,intact,black,4,206.4
Kia Cerato,2021,91700.0,2.0,petrol,automatic,accident_repaired,white,1,1624.6
Hyundai Accent,2013,,1.6,petrol_lpg,manual,minor_paint,grey,1,952.6
Dena,2015,160100.0,1.7,petrol_lpg,automatic,minor_paint,black,2,453.9
Tiba,2019,104900.0,1.5,petrol,manual,minor_paint,white,4,238.0
Pride,2019,104400.0,1.3,petrol,manual,minor_paint,white,4,159.2
Kia Cerato,2025,54100.0,2.0,petrol,MANUAL,minor_paint,red,5,1947.5
Samand,2006,,1.8,petrol_lpg,automatic,major_paint,grey,1,127.7
Hyundai Accent,2006,377000.0,1.6,petrol,manual,major_paint,blue,4,569.8
Peugeot Pars,2008,276000.0,1.8,petrol,manual,accident_repaired,silver,2,160.8
Hyundai Accent,2010,,1.6,petrol,manual,intact, blue ,1,933.2
Dena,2019,159700.0,1.7,petrol,manual,intact,black,1,660.6
Tiba,2011,258100.0,1.5,petrol_lpg,manual,minor_paint,white,4,126.9
Samand,2009,290700.0,1.8,petrol,manual,intact,white,2,224.7
Hyundai Accent,2006,355200.0,1.6,petrol,manual,minor_paint,black,1,689.5
Shahin,2021,91300.0,1.5,petrol,automatic,intact,silver,3,717.6
Peugeot 206,2012,245700.0,1.4,petrol_lpg,automatic,intact,grey,4,269.0
Peugeot 206,2015,203300.0,1.4,petrol,automatic,intact,white,5,308.7
Kia Cerato,2013,236700.0,2.0,petrol_lpg,manual,major_paint,white,5,966.4
Kia Cerato,2011,257900.0,2.0,petrol,manual,minor_paint,white,1,1078.3
Peugeot Pars,2008,307200.0,1.8,petrol,manual,intact,blue,4,223.9
Dena,2012,234200.0,1.7,petrol_lpg,manual,intact,grey,4,356.0
Quik,2006,362600.0,1.5,petrol,manual,major_paint,silver,3,88.4
Tiba,2026,900.0,1.5,petrol_lpg,manual,,white,1,443.8
Rana,2014,,1.6,petrol_lpg,automatic,minor_paint,blue,2,301.4
Dena,2025,86200.0,1.7,petrol_lpg,manual,intact,white,5,720.3
Samand,2014,248200.0,1.8,petrol_lpg,manual,intact,blue,3,181.9
Shahin,2007,335900.0,1.5,petrol,manual,major_paint,white,3,229.2
Peugeot Pars,2025,55600.0,1.8,petrol,manual,minor_paint,white,5,598.4
Shahin,2022,,1.5,petrol,automatic,intact,white,1,883.9
Rana,2014,209000.0,1.6,petrol,manual,major_paint,black,2,262.0
Toyota Corolla,2012,226100.0,1.8,petrol,manual,minor_paint,blue,5,1212.7
Pride,2012,,1.3,petrol_lpg,manual,intact,white,5,93.6
Dena,2014,253200.0,1.7,petrol,manual,major_paint,silver,3,335.0
Peugeot 206,2012,223800.0,1.4,petrol,manual,major_paint,white,1,230.5
Pride,2005,,1.3,petrol,manual,intact,blue,5,60.0
Pride,2012,236300.0,1.3,petrol_lpg,manual,minor_paint,black,5,94.9
Samand,2022,84400.0,1.8,petrol,automatic,intact,white,1,556.7
Kia Cerato,2026,11200.0,2.0,petrol,manual,accident_repaired,red,1,1875.9
Rana,2009,319100.0,1.6,petrol,MANUAL,intact,black,2,216.8
Peugeot Pars,2008,338200.0,1.8,petrol_lpg,manual,intact,silver,3,181.2
Samand,2006,362800.0,1.8,petrol,manual,intact,white,2,152.0
Rana,2026,14500.0,1.6,petrol,MANUAL,minor_paint,silver,4,688.2
Rana,2024,51300.0,1.6,petrol,automatic,minor_paint,black,3,639.4
Quik,2008,390100.0,1.5,petrol,manual,minor_paint,white,5,104.2
Kia Cerato,2025,23900.0,2.0,petrol_lpg,manual,intact,blue,1,2318.2
Peugeot 206,2022,52600.0,1.4,petrol,manual,minor_paint,white,5,497.5
Rana,2007,335100000.0,1.6,petrol,automatic,minor_paint,silver,1,188.9
Shahin,2017,218800.0,1.5,petrol_lpg,automatic,,black,4,563.5
Pride,2013,240600.0,1.3,petrol,automatic,minor_paint,blue,2,125.9
Shahin,2024,18200.0,1.5,petrol,manual,accident_repaired,blue,4,606.7
Pride,2024,0.0,1.3,petrol_lpg,manual,minor_paint,silver,4,219.3
Rana,2005,430700.0,1.6,petrol_lpg,AUTOMATIC,intact,white,5,156.4
Peugeot Pars,2026,10200.0,1.8,petrol,manual,major_paint, silver ,3,588.2
Hyundai Accent,2016,211500.0,1.6,petrol,manual,intact,black,2,1185.0
Toyota Corolla,2011,311900.0,1.8,petrol,automatic,minor_paint,silver,5,1151.9
Samand,2015,211800.0,1.8,petrol_lpg,automatic,major_paint,white,3,203.5
Tiba,2005,367500.0,1.5,petrol,automatic,minor_paint,black,5,83.4
Tiba,2010,287000.0,1.5,petrol,automatic,major_paint,white,1,120.9
Hyundai Accent,2022,76600.0,1.6,petrol,manual,major_paint,white,3,1256.4
Shahin,2011,294500.0,1.5,petrol,manual,major_paint,grey,1,287.1
Tiba,2013,288500.0,1.5,petrol,automatic,minor_paint,grey,1,141.6
Samand,2018,166100.0,1.8,petrol,manual,accident_repaired,black,5,216.9
Quik,2006,364400.0,1.5,petrol,manual,intact,black,1,131.3
Samand,2006,372300.0,1.8,petrol,manual,,black,4,74.6
Quik,2017,149100000.0,1.5,petrol,manual,major_paint,blue,1,206.8
Peugeot Pars,2015,216700.0,1.8,petrol,automatic,major_paint,white,5,319.2
Tiba,2018,204000.0,1.5,petrol,manual,accident_repaired,grey,1,143.2
Peugeot 206,2011,301500.0,1.4,petrol,automatic,minor_paint, white ,2,228.1
Peugeot Pars,2021,110100.0,1.8,petrol,MANUAL,intact,white,1,598.9
Tiba,2009,304700.0,1.5,petrol,manual,intact, white ,5,102.8
Peugeot 206,2014,191300.0,1.4,petrol_lpg,manual,accident_repaired,blue,3,186.0
Dena,2008,322400.0,1.7,petrol,automatic,intact,grey,3,300.0
Tiba,2006,348800.0,1.5,petrol_lpg,manual,accident_repaired,white,1,63.0
Samand,2005,414100.0,1.8,petrol,automatic,accident_repaired,white,2,89.7
Samand,2014,242700.0,1.8,petrol,manual,minor_paint,white,2,206.6
Rana,2023,62400.0,1.6,petrol_lpg,manual,intact,white,1,571.7
Kia Cerato,2007,345300.0,2.0,petrol_lpg,automatic,minor_paint,black,3,799.7
Toyota Corolla,2017,153000.0,1.8,petrol,automatic,intact,black,4,2139.0
Kia Cerato,2007,333000.0,2.0,petrol,automatic,major_paint,silver,1,968.4
Peugeot Pars,2025,,1.8,petrol_lpg,automatic,intact,black,3,715.0
Quik,2024,74100.0,1.5,petrol,manual,minor_paint,white,1,436.9
Samand,2022,71400.0,1.8,petrol,manual,intact,silver,2,461.2
Hyundai Accent,2019,132600.0,1.6,petrol_lpg,manual,minor_paint,silver,2,1441.7
Toyota Corolla,2005,391100.0,1.8,petrol_lpg,automatic,intact,grey,2,1027.6
Toyota Corolla,2019,148300.0,1.8,petrol,automatic,intact,black,3,2388.3
Tiba,2022,61600.0,1.5,petrol,automatic,intact,blue,4,348.4
Samand,2009,291000.0,1.8,petrol,MANUAL,intact,white,1,192.7
Pride,2014,235300.0,1.3,petrol,manual,intact,white,2,127.6
Hyundai Accent,2006,,1.6,petrol,manual,minor_paint,white,5,573.0
Hyundai Accent,2025,23600.0,1.6,petrol,manual,intact,white,3,2246.9
Shahin,2011,263200.0,1.5,petrol,automatic,intact,black,2,455.6
Toyota Corolla,2022,105700.0,1.8,petrol,manual,accident_repaired,silver,1,1895.4
Tiba,2019,117800.0,1.5,petrol,automatic,minor_paint,silver,4,247.5
Kia Cerato,2026,20800.0,2.0,petrol,manual,major_paint,white,5,1888.6
Peugeot 206,2022,,1.4,petrol_lpg,MANUAL,minor_paint,grey,5,365.0
Peugeot 206,2015,207500.0,1.4,petrol,manual,intact,grey,1,332.5
Samand,2013,254000.0,1.8,petrol_lpg,manual,minor_paint,white,2,209.5
Dena,2020,87100.0,1.7,petrol,MANUAL,major_paint,white,4,541.4
Toyota Corolla,2022,74600.0,1.8,petrol_lpg,manual,intact,grey,3,2258.8
Kia Cerato,2005,372000.0,2.0,petrol_lpg,manual,intact,black,5,673.0
Tiba,2010,306800.0,1.5,petrol,automatic,intact,blue,4,110.0
Hyundai Accent,2023,58600.0,1.6,petrol_lpg,manual,major_paint, blue ,1,1582.6
Shahin,2017,,1.5,petrol,automatic,intact,black,2,575.5
Kia Cerato,2024,61200.0,2.0,petrol,manual,minor_paint,grey,2,2073.0
Peugeot Pars,2006,363900.0,1.8,petrol,automatic,intact,silver,5,183.8
Peugeot Pars,2019,122400.0,1.8,petrol,manual,intact,white,5,431.0
Quik,2020,79700.0,1.5,petrol,manual,,black,1,301.1
Tiba,2025,22100.0,1.5,petrol,manual,minor_paint,grey,4,333.1
Toyota Corolla,2025,9300.0,1.8,petrol_lpg,manual,intact,blue,2,2452.4
Tiba,2007,366400.0,1.5,petrol,manual,intact,white,5,78.8
Pride,2020,162400.0,1.3,petrol,manual,minor_paint,red,2,157.3
Rana,2022,74400.0,1.6,petrol_lpg,manual,minor_paint, white ,2,496.2
Quik,2020,107100.0,1.5,petrol,MANUAL,minor_paint,grey,4,290.7
Peugeot 206,2007,297300.0,1.4,petrol,manual,minor_paint,red,3,160.0
Shahin,2017,173900.0,1.5,petrol,manual,intact,white,1,555.4
Kia Cerato,2013,247400.0,2.0,petrol,manual,intact,white,4,1193.9
Shahin,2026,0.0,1.5,petrol,manual,intact,grey,2,1048.0
Quik,2019,139400.0,1.5,petrol,manual,accident_repaired,black,5,181.9
Samand,2012,271000.0,1.8,petrol_lpg,manual,major_paint,blue,1,171.8
Kia Cerato,2013,231700.0,2.0,petrol,manual,intact,grey,5,1031.0
Hyundai Accent,2016,183000.0,1.6,petrol,manual,intact,red,5,1228.4
Rana,2006,,1.6,petrol,manual,intact,blue,4,161.9
Kia Cerato,2017,202900.0,2.0,petrol,automatic,accident_repaired,silver,2,1121.6
Toyota Corolla,2014,174500.0,1.8,petrol_lpg,automatic,intact, silver ,5,1648.9
Rana,2006,374500.0,1.6,petrol,manual,intact,blue,1,168.1
Dena,2015,187600.0,1.7,petrol,manual,accident_repaired,black,2,308.1
Toyota Corolla,2012,247200.0,1.8,petrol_lpg,automatic,major_paint,silver,4,1171.1
Dena,2020,82300.0,1.7,petrol,AUTOMATIC,intact,silver,2,733.9
Toyota Corolla,2020,133000.0,1.8,petrol,manual,intact,white,1,2167.5
Shahin,2009,315900.0,1.5,petrol,manual,intact,white,1,371.2
Peugeot 206,2015,205000.0,1.4,petrol,automatic,, silver ,1,340.5
Tiba,2010,286900.0,1.5,petrol,automatic,intact,blue,3,117.4
Shahin,2022,53200.0,1.5,petrol,automatic,intact,blue,4,852.0
Dena,2005,378300.0,1.7,petrol_lpg,automatic,minor_paint,grey,3,247.4
Peugeot 206,2006,372500.0,1.4,petrol,manual,minor_paint,white,3,149.7
Pride,2023,73700.0,1.3,petrol,MANUAL,intact,silver,1,254.4
Rana,2005,389100.0,1.6,petrol,automatic,accident_repaired,grey,4,98.3
Toyota Corolla,2005,362500.0,1.8,petrol,manual,minor_paint,white,2,977.4
Hyundai Accent,2023,21600.0,1.6,petrol,manual,minor_paint,red,3,1976.2
Hyundai Accent,2010,264200.0,1.6,petrol,manual,,blue,2,857.0
Pride,2011,248600.0,1.3,petrol,automatic,intact,white,1,111.2
Peugeot 206,2007,368100.0,1.4,petrol,manual,intact,grey,4,172.1
Shahin,2023,60000.0,1.5,petrol,manual,intact,black,1,897.4
Peugeot 206,2016,171400.0,1.4,petrol,manual,intact,white,2,423.8
Tiba,2010,291400.0,1.5,petrol,AUTOMATIC,minor_paint,white,1,113.9
Shahin,2010,313800.0,1.5,petrol,automatic,accident_repaired,white,1,300.8
Toyota Corolla,2007,336000.0,1.8,petrol,manual,major_paint,white,4,757.8
Pride,2020,115000.0,1.3,petrol,automatic,minor_paint,silver,5,175.7
Hyundai Accent,2009,306900.0,1.6,petrol,AUTOMATIC,accident_repaired,silver,5,628.2
Toyota Corolla,2024,35500.0,1.8,petrol,manual,intact,white,3,2730.0
Pride,2007,,1.3,petrol,manual,intact,black,2,73.0
Peugeot Pars,2007,315300.0,1.8,petrol,automatic,major_paint,silver,1,190.1
Toyota Corolla,2014,246200.0,1.8,petrol_lpg,automatic,accident_repaired,white,1,1169.0
Tiba,2020,127200.0,1.5,petrol,manual,minor_paint,black,2,240.9
Rana,2015,149800.0,1.6,petrol,manual,major_paint,silver,5,258.9
Shahin,2025,53800.0,1.5,petrol,MANUAL,minor_paint,blue,3,782.3
Tiba,2025,27400.0,1.5,petrol_lpg,manual,minor_paint,blue,5,335.2
Samand,2014,245900.0,1.8,petrol,manual,minor_paint,white,5,216.0
Toyota Corolla,2017,136700.0,1.8,petrol,automatic,intact,white,1,2323.7
Samand,2009,272800.0,1.8,petrol,manual,minor_paint,black,3,175.8
Rana,2023,60400.0,1.6,petrol,manual,intact,black,2,622.5
Peugeot 206,2021,96300.0,1.4,petrol,MANUAL,accident_repaired,grey,1,324.8
Quik,2013,280100.0,1.5,petrol_lpg,manual,intact, red ,1,170.0
Kia Cerato,2006,403600.0,2.0,petrol,MANUAL,intact,silver,3,763.7
Dena,2011,257500.0,1.7,petrol_lpg,manual,intact,white,5,335.5
Kia Cerato,2011,284800.0,2.0,petrol_lpg,manual,intact,black,3,1074.3
Kia Cerato,2017,139300.0,2.0,petrol,manual,intact,white,5,1650.1
Rana,2014,231500.0,1.6,petrol,manual,intact,red,4,251.7
Kia Cerato,2011,284000.0,2.0,petrol,automatic,minor_paint,black,4,1084.4
Peugeot 206,2016,,1.4,petrol,automatic,major_paint,silver,5,291.4
Peugeot Pars,2017,160400.0,1.8,petrol_lpg,manual,intact,grey,2,388.2
Samand,2014,195900.0,1.8,petrol_lpg,manual,accident_repaired,grey,5,186.9
Quik,2024,28900.0,1.5,petrol,manual,intact,silver,3,409.3
Peugeot Pars,2023,61700.0,1.8,petrol,manual,minor_paint,silver,2,460.0
Pride,2015,161900.0,1.3,petrol_lpg,manual,intact,blue,4,117.2
Samand,2023,45500.0,1.8,petrol,manual,major_paint,white,3,358.7
Shahin,2024,51400.0,1.5,petrol,manual,minor_paint,black,4,846.3
Tiba,2009,294800.0,1.5,petrol,manual,intact,red,3,114.5
Peugeot 206,2013,252400.0,1.4,petrol_lpg,manual,minor_paint,silver,3,250.5
Toyota Corolla,2023,92800.0,1.8,petrol,manual,,black,2,2277.2
Pride,2017,186000.0,1.3,petrol_lpg,manual,minor_paint,red,1,129.5
Quik,2010,279900.0,1.5,petrol_lpg,automatic,intact,silver,4,167.7
Peugeot 206,2010,281700.0,1.4,petrol,manual,minor_paint,silver,3,172.7
Shahin,2025,15500.0,1.5,petrol,manual,minor_paint,silver,2,802.6
Dena,2021,100900.0,1.7,petrol,manual,minor_paint,black,1,615.8
Peugeot 206,2021,83700.0,1.4,petrol_lpg,manual,,black,1,499.0
Kia Cerato,2014,242100.0,2.0,petrol,manual,intact,black,4,1278.1
Kia Cerato,2006,,2.0,petrol_lpg,automatic,accident_repaired,white,2,634.3
Dena,2014,212400.0,1.7,petrol,manual,minor_paint,silver,5,373.9
Quik,2022,89400.0,1.5,petrol,manual,intact,blue,1,427.6
Tiba,2007,348500.0,1.5,petrol,manual,intact,black,3,98.8
Dena,2020,126800.0,1.7,petrol,automatic,minor_paint,black,2,580.8
Quik,2006,,1.5,petrol,automatic,intact,white,1,148.5
Shahin,2019,127000.0,1.5,petrol,automatic,major_paint,red,1,512.7
Peugeot Pars,2008,306400.0,1.8,petrol,manual,accident_repaired,white,3,153.3
Peugeot 206,2009,317700000.0,1.4,petrol_lpg,manual,intact,black,2,222.1
Samand,2022,69400.0,1.8,petrol_lpg,manual,minor_paint,white,2,368.5
Quik,2015,262900.0,1.5,petrol,automatic,intact,silver,4,253.4
Rana,2019,107400.0,1.6,petrol,manual,intact,silver,2,431.1
Hyundai Accent,2014,231300000.0,1.6,petrol,manual,accident_repaired,black,1,709.6
Samand,2011,280000.0,1.8,petrol_lpg,manual,intact,blue,5,177.3
Dena,2017,206300.0,1.7,petrol,manual,minor_paint,red,5,391.2
Peugeot 206,2017,153400.0,1.4,petrol_lpg,manual,minor_paint,white,1,394.0
Kia Cerato,2021,106000.0,2.0,petrol,manual,intact,silver,2,1794.8
Peugeot Pars,2024,55400.0,1.8,petrol,manual,major_paint,white,5,540.7
Shahin,2020,63100.0,1.5,petrol,manual,intact,white,3,691.2
Samand,2024,53000.0,1.8,petrol,manual,intact,white,1,574.0
Rana,2005,377600.0,1.6,petrol_lpg,automatic,accident_repaired, white ,1,105.4
Peugeot 206,2018,121300.0,1.4,petrol,manual,major_paint,silver,5,310.6
Rana,2018,184000.0,1.6,petrol,manual,intact,black,2,422.9
Toyota Corolla,2010,281900.0,1.8,petrol,manual,minor_paint, white ,3,1112.9
Kia Cerato,2018,134900.0,2.0,petrol,manual,intact,silver,1,1711.5
Toyota Corolla,2006,339600.0,1.8,petrol_lpg,manual,intact,white,4,1051.5
Dena,2020,126800.0,1.7,petrol,automatic,minor_paint,black,2,580.8
Peugeot Pars,2022,,1.8,petrol,manual,minor_paint,white,4,501.6
Kia Cerato,2015,218200.0,2.0,petrol_lpg,manual,minor_paint,black,5,1119.2
Shahin,2016,182600.0,1.5,petrol,automatic,minor_paint,red,2,549.4
Samand,2026,10200.0,1.8,petrol_lpg,manual,intact,white,1,650.2
Peugeot 206,2017,223000.0,1.4,petrol,MANUAL,intact,white,4,365.6
Pride,2024,78400000.0,1.3,petrol,manual,major_paint,black,3,197.3
Quik,2009,292200.0,1.5,petrol,manual,minor_paint,grey,3,136.9
Kia Cerato,2016,201300.0,2.0,petrol,manual,accident_repaired,blue,5,857.1
Kia Cerato,2023,50900.0,2.0,petrol_lpg,MANUAL,major_paint,silver,2,1668.0
Hyundai Accent,2020,46700.0,1.6,petrol,automatic,intact,black,5,1864.6
Shahin,2017,185800.0,1.5,petrol,manual,intact,silver,1,499.7
Dena,2016,190200.0,1.7,petrol_lpg,MANUAL,intact,red,2,441.1
Peugeot Pars,2016,144500.0,1.8,petrol_lpg,manual,intact,silver,5,350.8
Quik,2026,0.0,1.5,petrol,automatic,intact,silver,2,604.5
Rana,2017,205800.0,1.6,petrol,manual,minor_paint,white,2,328.1
Peugeot 206,2026,39400.0,1.4,petrol,manual,minor_paint,blue,4,560.9
Samand,2026,39600.0,1.8,petrol_lpg,manual,intact,silver,3,639.6
Hyundai Accent,2024,20800.0,1.6,petrol_lpg,manual,intact, grey ,1,1988.0
Peugeot Pars,2005,371900.0,1.8,petrol,manual,minor_paint,white,2,173.8
Hyundai Accent,2015,220400000.0,1.6,petrol,automatic,accident_repaired,black,2,821.2
Samand,2009,309200.0,1.8,petrol_lpg,AUTOMATIC,major_paint,silver,1,153.9
Quik,2010,293000.0,1.5,petrol,manual,intact,white,4,154.5
Quik,2013,,1.5,petrol,automatic,intact,grey,3,209.6
Hyundai Accent,2007,350800.0,1.6,petrol,manual,accident_repaired,blue,2,484.3
Quik,2006,360300.0,1.5,petrol,manual,minor_paint,white,5,101.6
Dena,2020,119400.0,1.7,petrol_lpg,manual,intact,grey,3,669.9
Toyota Corolla,2015,170500.0,1.8,petrol,MANUAL,intact,white,4,1862.6
Rana,2014,195800.0,1.6,petrol,automatic,minor_paint,white,5,310.1
Toyota Corolla,2008,308300.0,1.8,petrol,automatic,minor_paint, white ,4,1245.3
Samand,2006,355700.0,1.8,petrol,manual,intact,grey,4,139.4
Quik,2016,182400.0,1.5,petrol,manual,,blue,3,172.6
Tiba,2013,292800.0,1.5,petrol_lpg,MANUAL,, silver ,3,130.9
Pride,2021,117200.0,1.3,petrol,MANUAL,accident_repaired,white,2,154.1
Rana,2017,129000.0,1.6,petrol,manual,minor_paint,grey,2,399.0
Toyota Corolla,2022,104900.0,1.8,petrol,manual,intact,silver,4,2194.5
Dena,2012,274500.0,1.7,petrol,manual,minor_paint,silver,4,284.9
Quik,2016,182600.0,1.5,petrol_lpg,manual,intact,red,3,218.2
Rana,2020,140700.0,1.6,petrol,automatic,intact,blue,3,538.2
Toyota Corolla,2009,315200.0,1.8,petrol,manual,intact,silver,1,1344.2
Dena,2016,201800.0,1.7,petrol,manual,intact,white,3,488.1
Hyundai Accent,2015,,1.6,petrol,manual,intact,black,1,1303.1
Kia Cerato,2026,40700.0,2.0,petrol,manual,minor_paint,silver,4,2245.1
Toyota Corolla,2016,189900.0,1.8,petrol,manual,minor_paint,red,4,1621.2
Rana,2011,265000.0,1.6,petrol,manual,minor_paint,silver,5,205.4
Toyota Corolla,2009,315100.0,1.8,petrol,manual,major_paint,white,5,885.8
Toyota Corolla,2006,327500.0,1.8,petrol,manual,accident_repaired,silver,1,693.2
Peugeot Pars,2009,325600.0,1.8,petrol,automatic,intact,white,3,273.7
Peugeot Pars,2019,167700.0,1.8,petrol,automatic,intact,silver,4,524.5
Shahin,2008,334500.0,1.5,petrol,manual,intact,silver,2,308.1
Peugeot 206,2023,19500.0,1.4,petrol,MANUAL,intact,black,4,555.0
Peugeot 206,2013,244600.0,1.4,petrol_lpg,manual,accident_repaired,black,2,180.2
Dena,2015,195800.0,1.7,petrol,manual,major_paint,black,4,366.7
Peugeot Pars,2005,388700.0,1.8,petrol,manual,minor_paint,silver,2,150.7
Quik,2006,384700.0,1.5,petrol,manual,intact,silver,1,105.5
Kia Cerato,2024,16100.0,2.0,petrol,manual,minor_paint,red,1,2026.5
Peugeot Pars,2008,311100.0,1.8,petrol_lpg,automatic,intact,silver,3,226.5
Samand,2016,223800.0,1.8,petrol,manual,accident_repaired,white,4,222.1
Peugeot 206,2020,139100000.0,1.4,petrol_lpg,manual,minor_paint,red,5,347.5
Peugeot Pars,2020,107600.0,1.8,petrol,manual,intact,black,4,482.9
Quik,2022,72300.0,1.5,petrol,automatic,major_paint,red,5,230.9
Quik,2012,186100.0,1.5,petrol,automatic,intact,red,2,229.7
Quik,2021,57300.0,1.5,petrol_lpg,manual,,red,3,279.7
Toyota Corolla,2011,263000.0,1.8,petrol,manual,intact,silver,5,1251.7
Rana,2005,329200.0,1.6,petrol,manual,intact,grey,2,185.4
Samand,2009,311100.0,1.8,petrol_lpg,automatic,intact,silver,1,201.3
Peugeot Pars,2017,172600.0,1.8,petrol,manual,intact,blue,3,397.7
Kia Cerato,2020,84000.0,2.0,petrol,manual,intact,blue,2,2046.7
Samand,2010,266800.0,1.8,petrol,manual,major_paint,black,2,174.6
Samand,2017,120900.0,1.8,petrol,manual,intact,white,4,338.7
Peugeot Pars,2008,327800.0,1.8,petrol_lpg,manual,intact, silver ,2,202.4
Quik,2006,376700.0,1.5,petrol,manual,major_paint,red,5,90.3
Shahin,2025,0.0,1.5,petrol,automatic,intact,silver,5,1100.4
Peugeot Pars,2021,100900.0,1.8,petrol,manual,minor_paint,white,2,500.9
Tiba,2023,55000.0,1.5,petrol,automatic,intact,grey,5,359.2
Tiba,2013,249900.0,1.5,petrol,MANUAL,intact, white ,3,150.7
Shahin,2023,23100.0,1.5,petrol_lpg,automatic,minor_paint,red,5,806.4
Pride,2025,26100.0,1.3,petrol,manual,intact,silver,4,291.6
Hyundai Accent,2020,111800.0,1.6,petrol,manual,,silver,3,1565.2
Peugeot 206,2025,6000.0,1.4,petrol_lpg,manual,intact,silver,1,755.9
Hyundai Accent,2019,129900.0,1.6,petrol,automatic,accident_repaired,silver,1,1140.1
Kia Cerato,2010,281800.0,2.0,petrol,automatic,minor_paint,white,2,1146.3
Tiba,2016,177200.0,1.5,petrol_lpg,automatic,major_paint,silver,1,169.5
Samand,2026,5200.0,1.8,petrol,manual,intact,grey,1,726.6
Rana,2012,221000.0,1.6,petrol_lpg,manual,major_paint,white,4,208.6
Dena,2019,98000.0,1.7,petrol_lpg,manual,minor_paint, red ,1,525.5
Peugeot 206,2012,256300.0,1.4,petrol,manual,intact,white,5,224.1
Tiba,2008,,1.5,petrol_lpg,manual,major_paint,silver,1,68.9
Kia Cerato,2017,150900.0,2.0,petrol,manual,accident_repaired,blue,1,959.5
Rana,2024,43300.0,1.6,petrol,manual,intact,white,2,624.8
Rana,2019,149000.0,1.6,petrol,MANUAL,intact,white,3,467.1
Tiba,2026,18300.0,1.5,petrol,manual,intact,grey,2,393.4
Peugeot Pars,2006,329600.0,1.8,petrol_lpg,manual,minor_paint, white ,5,157.0
Rana,2009,385900.0,1.6,petrol_lpg,automatic,intact,white,2,213.6
Pride,2017,210900.0,1.3,petrol,manual,intact,white,4,132.6
Kia Cerato,2016,174400.0,2.0,petrol_lpg,automatic,minor_paint,blue,3,1348.7
Dena,2006,,1.7,petrol,manual,major_paint,blue,3,166.7
Tiba,2023,34800.0,1.5,petrol,automatic,intact,white,2,381.0
Toyota Corolla,2011,266100.0,1.8,petrol,automatic,intact,white,3,1257.8
Quik,2019,126200.0,1.5,petrol,manual,minor_paint,white,2,314.3
Samand,2025,15600.0,1.8,petrol,manual,minor_paint,white,1,588.3
Shahin,2009,315600.0,1.5,petrol,manual,intact, silver ,3,341.6
Shahin,2022,71100.0,1.5,petrol,manual,accident_repaired,silver,3,533.0
Toyota Corolla,2021,95700.0,1.8,petrol,manual,minor_paint,red,3,1912.5
Shahin,2013,183600.0,1.5,petrol,manual,accident_repaired,grey,2,337.0
Shahin,2013,221400.0,1.5,petrol,manual,intact,grey,4,473.7
Toyota Corolla,2014,178000.0,1.8,petrol,automatic,major_paint,silver,4,1501.6
Quik,2008,347400.0,1.5,petrol,manual,,black,2,130.4
Quik,2016,187400.0,1.5,petrol,manual,major_paint,white,4,197.1
Dena,2025,0.0,1.7,petrol,manual,minor_paint,grey,5,874.6
Quik,2009,335300.0,1.5,petrol_lpg,manual,major_paint, white ,3,103.3
Peugeot 206,2024,45700.0,1.4,petrol,manual,minor_paint,white,3,534.3
Shahin,2018,129700.0,1.5,petrol_lpg,manual,major_paint,white,3,482.3
Shahin,2006,383800.0,1.5,petrol_lpg,MANUAL,intact,black,4,254.6
Kia Cerato,2025,39200.0,2.0,petrol,automatic,intact,white,2,2977.1
Pride,2015,229400.0,1.3,petrol_lpg,automatic,,silver,1,148.2
Hyundai Accent,2010,279000.0,1.6,petrol,automatic,minor_paint,grey,1,986.3
Peugeot Pars,2021,106600.0,1.8,petrol_lpg,automatic,minor_paint,grey,4,533.9
Kia Cerato,2008,360100.0,2.0,petrol,manual,minor_paint,white,3,834.4
Peugeot 206,2021,,1.4,petrol,manual,major_paint,blue,2,387.7
Peugeot Pars,2020,125100.0,1.8,petrol,manual,intact,grey,3,462.3
Quik,2008,355500.0,1.5,petrol,manual,minor_paint,white,3,127.2
Dena,2016,169100.0,1.7,petrol,AUTOMATIC,minor_paint,silver,5,434.1
Toyota Corolla,2014,200100.0,1.8,petrol_lpg,manual,minor_paint,white,1,1619.4
Kia Cerato,2005,367500.0,2.0,petrol,manual,minor_paint,red,1,802.0
Hyundai Accent,2008,330900.0,1.6,petrol,manual,minor_paint,black,2,701.6
Samand,2009,296400.0,1.8,petrol_lpg,MANUAL,intact,black,2,168.3
Quik,2007,315700.0,1.5,petrol,manual,minor_paint,silver,4,105.8
Kia Cerato,2017,152200000.0,2.0,petrol,manual,intact,silver,4,1447.5
Peugeot 206,2008,344500.0,1.4,petrol,automatic,major_paint,red,2,161.7
Peugeot Pars,2014,207700.0,1.8,petrol,manual,intact,black,3,355.9
Quik,2023,86700.0,1.5,petrol,manual,intact,white,2,405.5
Tiba,2017,134700.0,1.5,petrol,manual,intact,silver,2,219.2
Quik,2025,49600.0,1.5,petrol,manual,minor_paint,black,5,360.1
Toyota Corolla,2014,255700.0,1.8,petrol,automatic,minor_paint,black,1,1713.3
Shahin,2016,176700.0,1.5,petrol_lpg,manual,minor_paint,white,1,527.2
Toyota Corolla,2013,319200.0,1.8,petrol,automatic,intact,white,5,1474.1
Shahin,2011,231700.0,1.5,petrol,automatic,intact, white ,5,424.8
Dena,2022,,1.7,petrol,manual,minor_paint,blue,2,675.4
Tiba,2010,242300.0,1.5,petrol,manual,major_paint,blue,1,88.6
Shahin,2026,0.0,1.5,petrol,manual,intact,black,1,959.0
Dena,2005,362900.0,1.7,petrol_lpg,automatic,major_paint,white,1,205.2
Rana,2019,125100.0,1.6,petrol,manual,minor_paint,white,2,399.8
Tiba,2020,136600.0,1.5,petrol,MANUAL,intact,grey,3,267.9
Tiba,2007,338300.0,1.5,petrol,automatic,minor_paint, black ,3,103.5
Peugeot 206,2008,319100.0,1.4,petrol,automatic,minor_paint,red,2,220.4
Samand,2021,139500.0,1.8,petrol,manual,major_paint,black,5,334.8
Dena,2009,347100.0,1.7,petrol,manual,major_paint,grey,5,179.1
Rana,2022,80000.0,1.6,petrol,MANUAL,intact,silver,5,447.1
Hyundai Accent,2010,268500.0,1.6,petrol_lpg,manual,major_paint,white,2,710.7
Pride,2005,368300.0,1.3,petrol,manual,major_paint,white,5,60.0
Kia Cerato,2018,,2.0,petrol,automatic,intact,black,4,1724.1
Peugeot Pars,2018,144300.0,1.8,petrol,manual,major_paint,red,3,335.9
Pride,2022,84500.0,1.3,petrol,manual,minor_paint,grey,5,193.8
Peugeot Pars,2024,37300.0,1.8,petrol_lpg,manual,minor_paint,silver,5,569.3
Samand,2005,390400.0,1.8,petrol,manual,intact,red,4,112.8
Toyota Corolla,2009,291600.0,1.8,petrol,manual,intact,black,4,1431.8
Samand,2012,242800.0,1.8,petrol,manual,intact,grey,1,223.8
Peugeot Pars,2005,436500.0,1.8,petrol,manual,minor_paint,white,2,145.7
Peugeot 206,2024,61400.0,1.4,petrol,manual,accident_repaired,black,5,365.5
Pride,2014,183300000.0,1.3,petrol,manual,intact,black,2,136.3
Quik,2022,70000.0,1.5,petrol_lpg,automatic,minor_paint,white,2,365.3
Hyundai Accent,2008,363400.0,1.6,petrol,manual,minor_paint,black,1,717.7
Toyota Corolla,2022,85500.0,1.8,petrol,manual,major_paint,white,2,2048.2
Dena,2017,,1.7,petrol_lpg,automatic,minor_paint,blue,1,543.1
Peugeot 206,2005,405500.0,1.4,petrol,automatic,intact,silver,5,132.1
Pride,2025,39800.0,1.3,petrol,manual,intact,blue,1,274.8
Kia Cerato,2005,344000.0,2.0,petrol,manual,major_paint,black,5,632.2
Shahin,2023,70900.0,1.5,petrol,manual,intact,silver,5,857.2
Pride,2026,0.0,1.3,petrol,automatic,major_paint,silver,4,278.0
Shahin,2019,132200.0,1.5,petrol_lpg,manual,major_paint, blue ,4,456.6
Peugeot 206,2010,290900.0,1.4,petrol,manual,accident_repaired,white,3,156.0
Peugeot 206,2012,282700.0,1.4,petrol,automatic,minor_paint,black,3,268.4
Peugeot Pars,2006,346100.0,1.8,petrol,automatic,intact,black,5,208.3
Quik,2007,356700.0,1.5,petrol,manual,major_paint,blue,5,93.1
Tiba,2019,126500.0,1.5,petrol,manual,intact,grey,5,208.7
Samand,2022,43500.0,1.8,petrol,automatic,major_paint,blue,3,408.0
Rana,2025,20500.0,1.6,petrol_lpg,manual,intact,blue,3,592.9
Shahin,2009,323700.0,1.5,petrol_lpg,manual,accident_repaired,white,4,207.8
Tiba,2010,290900.0,1.5,petrol,manual,intact,silver,1,125.0
Peugeot 206,2012,235900.0,1.4,petrol,manual,intact,silver,5,255.7
Tiba,2006,355300.0,1.5,petrol_lpg,manual,accident_repaired,black,2,60.0
Pride,2023,68500.0,1.3,petrol,manual,intact,black,5,272.2
Kia Cerato,2020,112000000.0,2.0,petrol,automatic,intact,silver,2,1996.5
Quik,2013,,1.5,petrol_lpg,automatic,intact,black,1,238.3
Peugeot Pars,2006,385000.0,1.8,petrol,manual,major_paint,white,5,138.4
Hyundai Accent,2020,97800.0,1.6,petrol_lpg,manual,intact,red,1,1679.0
Dena,2014,230800.0,1.7,petrol,manual,intact,silver,2,426.0
Dena,2005,365700.0,1.7,petrol,manual,accident_repaired, black ,5,158.8
Quik,2010,272400.0,1.5,petrol,automatic,accident_repaired,blue,5,102.5
Peugeot Pars,2022,13100.0,1.8,petrol,automatic,accident_repaired,silver,2,470.8
Kia Cerato,2022,85400.0,2.0,petrol,manual,intact,blue,5,1708.7
Kia Cerato,2019,77900.0,2.0,petrol,manual,minor_paint,white,2,1972.5
Rana,2009,277400.0,1.6,petrol,manual,intact,white,2,255.1
Peugeot 206,2011,315100.0,1.4,petrol,manual,major_paint,white,3,190.7
Dena,2009,309000.0,1.7,petrol_lpg,manual,major_paint,black,4,230.1
Peugeot 206,2025,62600.0,1.4,petrol,manual,intact,grey,3,562.0
Tiba,2022,98900.0,1.5,petrol_lpg,automatic,minor_paint,black,2,318.1
Kia Cerato,2021,72600.0,2.0,petrol_lpg,automatic,major_paint,white,1,1910.7
Quik,2007,389900.0,1.5,petrol,manual,minor_paint,silver,3,99.2
Rana,2014,184500.0,1.6,petrol_lpg,manual,minor_paint,silver,1,352.7
Dena,2017,159800.0,1.7,petrol,automatic,minor_paint,silver,2,478.0
Pride,2008,339700.0,1.3,petrol,automatic,intact,blue,5,72.8
Peugeot Pars,2012,215700000.0,1.8,petrol_lpg,manual,minor_paint,silver,2,293.8
Kia Cerato,2025,0.0,2.0,petrol,manual,minor_paint,white,5,2178.2
Kia Cerato,2006,,2.0,petrol,automatic,minor_paint,black,2,759.2
Hyundai Accent,2021,62000.0,1.6,petrol,manual,intact, blue ,1,1639.4
Kia Cerato,2007,343600.0,2.0,petrol,manual,intact,grey,4,808.7
